-- phpMyAdmin SQL Dump
-- version 5.2.0
-- https://www.phpmyadmin.net/
--
-- Host: 127.0.0.1
-- Generation Time: May 17, 2024 at 11:37 AM
-- Server version: 10.4.27-MariaDB
-- PHP Version: 8.2.0

SET SQL_MODE = "NO_AUTO_VALUE_ON_ZERO";
START TRANSACTION;
SET time_zone = "+00:00";


/*!40101 SET @OLD_CHARACTER_SET_CLIENT=@@CHARACTER_SET_CLIENT */;
/*!40101 SET @OLD_CHARACTER_SET_RESULTS=@@CHARACTER_SET_RESULTS */;
/*!40101 SET @OLD_COLLATION_CONNECTION=@@COLLATION_CONNECTION */;
/*!40101 SET NAMES utf8mb4 */;

--
-- Database: `pricetoday`
--

-- --------------------------------------------------------

--
-- Table structure for table `affiliated_entities`
--

CREATE TABLE `affiliated_entities` (
  `id` int(11) NOT NULL,
  `name` varchar(255) NOT NULL,
  `created_at` timestamp NOT NULL DEFAULT current_timestamp(),
  `updated_at` timestamp NOT NULL DEFAULT current_timestamp()
) ENGINE=InnoDB DEFAULT CHARSET=utf8mb4 COLLATE=utf8mb4_general_ci;

--
-- Dumping data for table `affiliated_entities`
--

INSERT INTO `affiliated_entities` (`id`, `name`, `created_at`, `updated_at`) VALUES
(1, 'وزارة التموين', '2024-04-12 12:55:31', '2024-04-12 12:55:31'),
(2, 'حماية المستهلك', '2024-04-12 12:55:31', '2024-04-12 12:55:31'),
(3, 'الهيئة العامة', '2024-04-12 12:55:31', '2024-04-12 12:55:31'),
(4, 'منظومة الشكاوي', '2024-04-12 12:55:31', '2024-04-12 12:55:31');

-- --------------------------------------------------------

--
-- Table structure for table `complaints`
--

CREATE TABLE `complaints` (
  `C_ID` int(10) NOT NULL,
  `C_name` varchar(25) DEFAULT NULL,
  `C_email` varchar(30) DEFAULT NULL,
  `C_whats_up` char(15) DEFAULT NULL,
  `C_text_of_the_complaint` text DEFAULT NULL,
  `C_dealers_address` varchar(25) DEFAULT NULL,
  `C_date_complaint` date DEFAULT NULL,
  `C_item_complained` varchar(255) DEFAULT NULL,
  `c_goe` text NOT NULL
) ENGINE=InnoDB DEFAULT CHARSET=utf8mb4 COLLATE=utf8mb4_general_ci;

--
-- Dumping data for table `complaints`
--

INSERT INTO `complaints` (`C_ID`, `C_name`, `C_email`, `C_whats_up`, `C_text_of_the_complaint`, `C_dealers_address`, `C_date_complaint`, `C_item_complained`, `c_goe`) VALUES
(1, 'ندى خالد سعيد ', 'nada@mail.com', '0104563256789', 'ذهب الى السوبر ماركت فوجدت سعر السكر مرتفع جد و كان البائع يغش فى  الثمن ', 'الدقهلية ', '2024-03-18', 'السكر', 'القاهرة'),
(2, 'حسين عادل', 'has455@yahoo.com', '0103726346', 'ذهبت الى التاجر و طلة منة دجاجة فأعهانى بثمن اعلى بكثير من الموجود فى الموقع و كان ثمن الكيلو 110 جنيها   و ايضا وجدت الارز غالى و المزانية لم تعد تسمح ', 'الدقهلية ', '2024-03-19', 'الفراخ', 'الاسكندرية '),
(3, 'ميرنا محمد', 'hajhkdha@kljk.com', '012455679', 'غلاء شديد', 'الدقهلية ', '2024-03-28', 'الارز', 'المنوفية'),
(4, 'حسين السيد', 'hussiencode78@gmail.com', '010610957', 'غلاء مرتفع', 'المنصورة', '2024-04-09', 'سكر ابيض /1 كيلو', 'القاهرة'),
(5, 'على على السيد', 'aliali@code.om', '01061093957', 'يجب مراقبة السلعة', 'المنصورة', '2024-04-09', 'سكر ابيض /1 كيلو', 'القاهرة'),
(6, 'محمود فرحات', 'mah768@gmail.com', '01061093957', '\'نص الرسالة الخاصة بالشكوى\'', 'المنصورة', '2024-04-19', 'زيت طعام خليط هدية /700ملي', 'الدقهلية'),
(7, 'منه الله', 'admin@admin.com', '01596708787', 'غش تجارى ', 'المنصورة', '2024-04-20', 'سكر ابيض /1 كيلو', 'القاهرة'),
(8, 'نسمة مجاهد', 'admin@admin.com', '0105435786566', 'غلاء شديد', 'المنصورة', '2024-04-21', 'سكر ابيض /1 كيلو', 'الاسماعيلية'),
(9, 'ميار سامى حمدى', 'mmm@mail.com', '0162565223', 'غش فى الوزن', 'دار السلام', '2024-04-26', 'زيت غالية /1 لتر', 'الاسماعيلية'),
(10, 'نور فاخر محمود', 'mmm@mail.com', '0123445666', 'غير متوفر فى الاسواق', 'ام القرى', '2024-04-26', 'حبة حبة عدس اصفر /500 جرام', 'دمياط'),
(11, 'احمد المحمد سعد', 'mmm@mail.com', '0144678999656', 'غير متوفرة', 'كفر العش', '2024-04-26', 'عبورلاند جبنة /500 جرام', 'شمال سيناء'),
(12, 'محمود فرغلى', 'mmm@mail.com', '012346ه75643', 'السعر اغلى من الموقع', 'دارفور', '2024-04-26', 'زيت سندباد /1 لتر', 'الاقصر'),
(13, 'مرسى سعد العلاوى', 'mmm@mail.com', '0123457643567', 'غير متوفر فى الاسواق لاو يوجد احتكار', 'شارع المدينة', '2024-04-26', 'المطبخ اراز /1 كيلو', 'القاهرة'),
(14, 'نور محمود العسوى', 'mmm@mail.com', '01232348765', 'السعر مرتفع جدا فى منافذ البيع', 'شارع محمود باشا', '2024-04-26', 'دوجن برازيلي مجمدة /1 كيلو', 'الاسكندرية'),
(15, 'ندى اشرف مراد', 'nada@mail.com', '0104563256789', 'غلاء شديد', 'الدقهلية ', '2024-01-09', 'سكر ابيض', 'الدقهلية'),
(16, 'ندى خالد', 'NadaKhaled@admin.com', '017357864536', 'غلاء فى الاسعار', 'شارع قناة السويس', '2024-04-27', 'سكر ابيض /1 كيلو', 'الدقهلية'),
(17, 'خالد سعيد ابراهيم', 'mmm@mail.com', '01232348765', 'الارز غالى برغم اننا كنا بنصدر الرز', 'شارع محمود باشا', '2024-04-29', 'ارز مستواد /1 كيلو', 'البحيرة');

-- --------------------------------------------------------

--
-- Table structure for table `employee`
--

CREATE TABLE `employee` (
  `E_id` int(10) NOT NULL,
  `E_name` varchar(20) DEFAULT NULL,
  `E_job` varchar(25) DEFAULT NULL,
  `E_phone` char(15) DEFAULT NULL,
  `E_address` varchar(20) DEFAULT NULL,
  `E_email` varchar(25) DEFAULT NULL,
  `E_work_hours` time DEFAULT NULL,
  `E_img_path` text NOT NULL,
  `e_follow` varchar(100) NOT NULL,
  `about` text NOT NULL
) ENGINE=InnoDB DEFAULT CHARSET=utf8mb4 COLLATE=utf8mb4_general_ci;

--
-- Dumping data for table `employee`
--

INSERT INTO `employee` (`E_id`, `E_name`, `E_job`, `E_phone`, `E_address`, `E_email`, `E_work_hours`, `E_img_path`, `e_follow`, `about`) VALUES
(1, 'ندي خالد سعيد', 'مدير عام', '01032622361', 'المنصورة ', 'nn@mail.com', '12:00:00', '', 'وزارة التموين', ''),
(2, 'احمد محمود فوزي', 'مشرف شكاوى', '01018064834', 'المنصورة ', 'asd@mail.com', '12:00:00', '', 'حماية المستهلك', ''),
(3, 'يوسف محمد علي شريف', 'مشرف قواعد البيانات', '01018064834', 'المنصورة ', NULL, '12:00:00', '', 'وزارة التموين', ''),
(4, 'شمياء مصباح', 'مشرف شكاوى', '0101615026', 'المنصورة ', NULL, '12:00:00', '', 'حماية المستهلك', ''),
(5, 'ندي صفوت عبدالهادي', 'مدير شكاوى', '01094802884', 'المنصورة ', NULL, '12:00:00', '', 'الهيئة العامة للسلع التموينية ', ''),
(6, 'ميرنا محمد محمود', 'مشرف شكاوى', '01067816782', 'المنصورة ', NULL, '12:00:00', '', 'حماية المستهلك', ''),
(7, 'مصطفي محمد ابوالمجد', 'مشرف بيانات', '01096244719', 'المنصورة ', NULL, '12:00:00', '', 'حماية المستهلك ', ''),
(8, 'حسين عادل السيد', 'مشرف بيانات', '01015261423', 'المنصورة ', NULL, '12:00:00', '', 'وزارة التموين', ''),
(9, 'نانسي حسام', 'تحليل شكاوى', '01068898162', 'المنصورة ', NULL, '12:00:00', '', 'منظومة الشكاوى الموحدة ', ''),
(10, 'مروة محمد', 'مديرقاعدة بيانات', '01289980148', 'المنصورة ', NULL, '12:00:00', '', 'الهيئة العامة للسلع التموينية ', '');

-- --------------------------------------------------------

--
-- Table structure for table `failed_jobs`
--

CREATE TABLE `failed_jobs` (
  `id` bigint(20) UNSIGNED NOT NULL,
  `uuid` varchar(255) NOT NULL,
  `connection` text NOT NULL,
  `queue` text NOT NULL,
  `payload` longtext NOT NULL,
  `exception` longtext NOT NULL,
  `failed_at` timestamp NOT NULL DEFAULT current_timestamp()
) ENGINE=InnoDB DEFAULT CHARSET=utf8mb4 COLLATE=utf8mb4_unicode_ci;

-- --------------------------------------------------------

--
-- Table structure for table `goods_commdities`
--

CREATE TABLE `goods_commdities` (
  `Go_ID` int(50) NOT NULL,
  `Go_item_type` varchar(25) DEFAULT NULL,
  `Weight` varchar(50) NOT NULL,
  `Go_name_of_the_commodity` varchar(25) DEFAULT NULL,
  `Go_supply_price` double DEFAULT NULL,
  `Go_the_price_the_upper_limit_in_supermarket` double DEFAULT NULL,
  `Go_minimum_price_in_supermarket` double NOT NULL,
  `status` text NOT NULL DEFAULT 'متوفر',
  `img_path` text NOT NULL
) ENGINE=InnoDB DEFAULT CHARSET=utf8mb4 COLLATE=utf8mb4_general_ci;

--
-- Dumping data for table `goods_commdities`
--

INSERT INTO `goods_commdities` (`Go_ID`, `Go_item_type`, `Weight`, `Go_name_of_the_commodity`, `Go_supply_price`, `Go_the_price_the_upper_limit_in_supermarket`, `Go_minimum_price_in_supermarket`, `status`, `img_path`) VALUES
(1, 'سكر ابيض', '1 كيلو ', 'تموينية', 30, 40, 35, 'متوفر', 'سكر.png'),
(2, 'زيت  طعام خليط هدية', '700ملي', 'تموينية', 34, 42, 40, 'متوفر', 'هدية.png'),
(3, 'زيت طعام خليط قلية', '700ملي', 'تموينية', 34, 42, 40, 'متوفر', 'قلية.png'),
(4, 'زيت طعام خليط الممتاز', '700ملي', 'تموينية', 34, 42, 40, 'متوفر', 'الممتاز.png'),
(5, 'زيت طعام خليط هدية', '1 لتر ', 'تموينية', 46, 56, 54, 'متوفر', 'هدية.png'),
(6, 'زيت خليط قلية', '1 لتر ', 'تموينية', 46, 56, 54, 'متوفر', 'قلية.png'),
(7, 'زيت طعام خليط الممتاز', '1 لتر ', 'تموينية', 46, 56, 54, 'متوفر', 'الممتاز.png'),
(8, 'زيت سندباد ', '1 لتر ', 'تموينية', 42, 52.5, 0, 'متوفر', 'سندباد.png'),
(9, 'زيت غالية', '1 لتر ', 'تموينية', 38.5, 48, 0, 'متوفر', 'غالية.png'),
(10, 'زيت مرجانة', '900 ملي', 'تموينية', 39.25, 49, 0, 'متوفر', 'مرجانة.png'),
(11, 'زيت مرجانة', '800 ملي', 'تموينية', 32, 40, 0, 'متوفر', 'مرجانة.png'),
(12, 'زيت غالية', '700 ملي', 'تموينية', 32, 40, 0, 'متوفر', 'غالية.png'),
(13, 'حلوة زيت غليط', '700 ملي', 'تموينية', 34, 41, 0, 'متوفر', 'حلوة.png'),
(14, 'حلوة زيت غليط', '1 لتر ', 'تموينية', 46, 53.5, 0, 'متوفر', 'حلوة.png'),
(15, 'هاندي زيت خليط', '700ملي', 'تموينية', 34, 41, 0, 'متوفر', 'هنادى.png'),
(16, 'هاندي زيت خليط', '1 لتر', 'تموينية', 46, 53.5, 0, 'متوفر', 'هنادى_نص.png'),
(17, 'عبورلاند جبنة', '1 كيلو ', 'تموينية', 56.5, 61.5, 0, 'متوفر', 'عبور لاند كيلو.png'),
(18, 'عبورلاند جبنة', '500 جرام', 'تموينية', 31.5, 33, 0, 'متوفر', 'عبور نص.png'),
(19, 'عبورلاند جبنة', '250 جرام', 'تموينية', 16.5, 18, 0, 'متوفر', 'عبور_ربع.jpg'),
(20, 'عبورلاند جبنة', '125 جرام', 'تموينية', 9.5, 11, 0, 'متوفر', 'عبور لاند 125.jpg'),
(21, 'جبنه زرقاء', '250 جرام', 'تموينية', 14, 15, 0, 'متوفر', 'زرقاء.png'),
(22, 'جبنه بلس', '250 جرام', 'تموينية', 15, 16, 0, 'متوفر', 'بلس.png'),
(23, 'جبنه بلس', '500 جرام', 'تموينية', 30, 36, 0, 'متوفر', 'بلس.png'),
(24, 'جبنه تتراباك', '500 جرام', 'تموينية', 25, 26.75, 0, 'متوفر', 'تترباك.png'),
(25, 'دومتى جبنه طعوم بلاس', '250 جرام', 'تموينية', 15, 16, 0, 'متوفر', 'دومتى زتون.png'),
(26, 'حليب بخيره ', '500 كجم', 'تموينية', 15.5, 17.5, 0, 'متوفر', 'بخيرة نص.png'),
(27, 'حليب بخيره كمل الدسم', '1 لتر ', 'تموينية', 29, 34, 0, 'متوفر', 'بخيرة.png'),
(28, 'عبورلاند كامل الدسم كيس', '500 ملي', 'تموينية', 16, 17, 0, 'متوفر', 'بخيرة.png'),
(29, 'عبورلاند كامل الدسم ', '1 لتر ', 'تموينية', 34.5, 35, 0, 'متوفر', 'لبن عبور.png'),
(30, 'حليب بشاير كيس', '500 كجم', 'تموينية', 13, 15, 0, 'متوفر', 'علبة بشاير.jpg'),
(31, 'حليب بشاير كيس', '1 لتر ', 'تموينية', 25, 0, 0, 'متوفر', 'علبة بشاير.jpg'),
(32, 'مكرونة استار', '400 جرام', 'تموينية', 8, 10.5, 0, 'متوفر', 'ستار نص.png'),
(33, 'مكرونة استار', '1 كيلو ', 'تموينية', 20, 23.5, 0, 'متوفر', 'ستار كيلو.png'),
(34, 'مكرونة كايرو', '400 جرام', 'تموينية', 6.7, 9.5, 0, 'متوفر', 'كايرو.png'),
(35, 'مكرونة كايرو', '1 كيلو ', 'تموينية', 16.27, 22, 0, 'متوفر', 'كايرو.png'),
(36, 'مكرونة بساطة', '1 كيلو ', 'تموينية', 17.5, 20, 0, 'متوفر', 'بساطة كيلو.png'),
(37, 'مكرونة بساطة', '350 جرام', 'تموينية', 5.75, 7.5, 0, 'متوفر', 'بساطة نص.png'),
(38, 'دوجن برازيلي مجمدة', '1 كيلو ', 'تموينية', 85, 115, 0, 'متوفر', 'مجمد.png'),
(39, 'دوجن محلي مجمدة', '1 كيلو ', 'تموينية', 105, 125, 0, 'متوفر', 'فراخ.png'),
(40, 'طبق بيض', '30 بيضة', 'تموينية', 125, 150, 0, 'متوفر', 'بيض.png'),
(41, 'حبات فول معباء', '500 جرام', 'تموينية', 12, 15, 0, 'متوفر', 'الضحى فول.png'),
(42, 'حبات فول معباء', '1 كيلو ', 'تموينية', 20, 24.5, 0, 'متوفر', 'حبوبنا.png'),
(43, 'حبة حبة عدس اصفر', '500 جرام', 'تموينية', 22, 30, 0, 'متوفر', 'ريحانة عدس.png'),
(44, 'حبة حبة عدس اصفر', '1 كيلو ', 'تموينية', 36.5, 41.5, 0, 'متوفر', 'ريحانة عدس.png'),
(45, 'ارز بلدي عريض الحبة', '1 كيلو ', 'تموينية', 22, 28, 0, 'متوفر', 'الضحى ارز.png'),
(46, 'ارز مستواد', '1 كيلو ', 'تموينية', 20, 25, 0, 'متوفر', 'رز الريف.png'),
(47, 'المطبخ اراز', '1 كيلو ', 'تموينية', 23, 0, 0, 'متوفر', 'المطبخ.png'),
(48, 'الريف اراز', '1 كيلو ', 'تموينية', 23, 0, 0, 'متوفر', 'رز الريف.png');

-- --------------------------------------------------------

--
-- Table structure for table `governorates`
--

CREATE TABLE `governorates` (
  `G_ID` int(10) NOT NULL,
  `G_name` varchar(25) NOT NULL
) ENGINE=InnoDB DEFAULT CHARSET=utf8mb4 COLLATE=utf8mb4_general_ci;

--
-- Dumping data for table `governorates`
--

INSERT INTO `governorates` (`G_ID`, `G_name`) VALUES
(1, 'القاهرة'),
(2, 'الاسكندرية'),
(3, 'بورسعيد'),
(4, 'السويس'),
(5, 'دمياط'),
(6, 'الدقهلية'),
(7, 'الشرقية'),
(8, 'القليوبية'),
(9, 'كفر الشيخ'),
(10, 'الغربية'),
(11, 'المنوفية'),
(12, 'البحيرة'),
(13, 'الاسماعيلية'),
(14, 'الجيزة'),
(15, 'بنى سويف'),
(16, 'الفيوم'),
(17, 'المنيا'),
(18, 'اسيوط'),
(19, 'سوهاج'),
(20, 'قنا'),
(21, 'اسوان'),
(22, 'الاقصر'),
(23, 'البحر الاحمر'),
(24, 'الوادى الجديد'),
(25, 'مطروح'),
(26, 'شمال سيناء'),
(27, 'جنوب سيناء');

-- --------------------------------------------------------

--
-- Table structure for table `migrations`
--

CREATE TABLE `migrations` (
  `id` int(10) UNSIGNED NOT NULL,
  `migration` varchar(255) NOT NULL,
  `batch` int(11) NOT NULL
) ENGINE=InnoDB DEFAULT CHARSET=utf8mb4 COLLATE=utf8mb4_unicode_ci;

--
-- Dumping data for table `migrations`
--

INSERT INTO `migrations` (`id`, `migration`, `batch`) VALUES
(1, '2014_10_12_000000_create_users_table', 1),
(2, '2014_10_12_100000_create_password_reset_tokens_table', 1),
(3, '2014_10_12_100000_create_password_resets_table', 1),
(4, '2019_08_19_000000_create_failed_jobs_table', 1),
(5, '2019_12_14_000001_create_personal_access_tokens_table', 1);

-- --------------------------------------------------------

--
-- Table structure for table `password_resets`
--

CREATE TABLE `password_resets` (
  `email` varchar(255) NOT NULL,
  `token` varchar(255) NOT NULL,
  `created_at` timestamp NULL DEFAULT NULL
) ENGINE=InnoDB DEFAULT CHARSET=utf8mb4 COLLATE=utf8mb4_unicode_ci;

-- --------------------------------------------------------

--
-- Table structure for table `password_reset_tokens`
--

CREATE TABLE `password_reset_tokens` (
  `email` varchar(255) NOT NULL,
  `token` varchar(255) NOT NULL,
  `created_at` timestamp NULL DEFAULT NULL
) ENGINE=InnoDB DEFAULT CHARSET=utf8mb4 COLLATE=utf8mb4_unicode_ci;

--
-- Dumping data for table `password_reset_tokens`
--

INSERT INTO `password_reset_tokens` (`email`, `token`, `created_at`) VALUES
('code@code.com', '$2y$12$ZIg9KpisSnIEyCLXrhJvjeOvTGKqf3/2nXaGVBtH5k1XTtCjL7pCe', '2024-04-13 15:02:28'),
('hussiencode78@gmail.com', '$2y$12$jzHaQlVASbFaa7WX1c2VpeXR5KitGqrT8pgRBLhQ9ombBqG6ZSjye', '2024-04-13 15:05:40');

-- --------------------------------------------------------

--
-- Table structure for table `personal_access_tokens`
--

CREATE TABLE `personal_access_tokens` (
  `id` bigint(20) UNSIGNED NOT NULL,
  `tokenable_type` varchar(255) NOT NULL,
  `tokenable_id` bigint(20) UNSIGNED NOT NULL,
  `name` varchar(255) NOT NULL,
  `token` varchar(64) NOT NULL,
  `abilities` text DEFAULT NULL,
  `last_used_at` timestamp NULL DEFAULT NULL,
  `expires_at` timestamp NULL DEFAULT NULL,
  `created_at` timestamp NULL DEFAULT NULL,
  `updated_at` timestamp NULL DEFAULT NULL
) ENGINE=InnoDB DEFAULT CHARSET=utf8mb4 COLLATE=utf8mb4_unicode_ci;

-- --------------------------------------------------------

--
-- Table structure for table `responding_to_complaints`
--

CREATE TABLE `responding_to_complaints` (
  `R_id` int(10) NOT NULL,
  `R_employee_name` varchar(25) DEFAULT NULL,
  `R_how_to_respond` varchar(25) DEFAULT NULL,
  `R_reply_back` time DEFAULT NULL,
  `R_complaints_code` int(10) DEFAULT NULL
) ENGINE=InnoDB DEFAULT CHARSET=utf8mb4 COLLATE=utf8mb4_general_ci;

--
-- Dumping data for table `responding_to_complaints`
--

INSERT INTO `responding_to_complaints` (`R_id`, `R_employee_name`, `R_how_to_respond`, `R_reply_back`, `R_complaints_code`) VALUES
(1, 'ندى خالد ', 'whatsup', '12:17:23', 1);

-- --------------------------------------------------------

--
-- Table structure for table `salepoints`
--

CREATE TABLE `salepoints` (
  `SA_ID` int(10) NOT NULL,
  `gov` int(50) NOT NULL,
  `SA_traders_name` varchar(25) DEFAULT NULL,
  `SA_phone` char(15) DEFAULT NULL,
  `SA_Address` varchar(100) NOT NULL,
  `SA_number_of_cards` int(10) DEFAULT NULL,
  `SA_required_quantity` int(10) DEFAULT NULL,
  `SA_standard_price` double DEFAULT NULL
) ENGINE=InnoDB DEFAULT CHARSET=utf8mb4 COLLATE=utf8mb4_general_ci;

--
-- Dumping data for table `salepoints`
--

INSERT INTO `salepoints` (`SA_ID`, `gov`, `SA_traders_name`, `SA_phone`, `SA_Address`, `SA_number_of_cards`, `SA_required_quantity`, `SA_standard_price`) VALUES
(1, 1, 'محمد علي', '01234567890', 'حي القاهرة الجديدة,مجمع التوفيق بمدينة التوفيق', NULL, NULL, NULL),
(2, 1, 'احمد محمد', '01043004567', 'حي عابدين,مجمع23يوليو بميدان العباسية عمارة مصر للسياحة', NULL, NULL, NULL),
(3, 1, 'عبده عوض', '01076589543', 'المعادي,شارع9بحي المعادي', NULL, NULL, NULL),
(4, 1, 'محمد احمد عبدالمنعم', '01123456789', 'الازبكية,15شارع عدلي', NULL, NULL, NULL),
(5, 1, 'ابراهيم عبدالطيف', '01598705437', 'باب الشعرية,10شارع السبع بنات', NULL, NULL, NULL),
(6, 1, 'عبد الرحمن محمد', '01187690543', 'بولاق ابو العلا,20شارع شبرا الخيمة', NULL, NULL, NULL),
(7, 1, 'احمد عبد الغني', '01109876543', 'الجمالية,30شارع المعز', NULL, NULL, NULL),
(8, 1, 'مصطفي عبدالله', '0158099765', 'قلعة التحرير,40شارع رمسيس', NULL, NULL, NULL),
(9, 1, 'محمد السيد', '01550987231', 'الساحل,50شارع المنيل', NULL, NULL, NULL),
(10, 1, 'ابراهيم رمضان', '01023096579', 'شبرا,60شارع شبرا', NULL, NULL, NULL),
(11, 1, 'عبدالرحمن مصطفي', '01588132879', 'روض الفرج,70 شارع النيل', NULL, NULL, NULL),
(12, 1, 'احمد اسماعيل', '01091200567', 'المطرية,80 شارع عبد العزيز', NULL, NULL, NULL),
(13, 1, 'مصطفي محمد', '01223984321', 'عين شمس,90شارع جسر السويس', NULL, NULL, NULL),
(14, 1, 'محمد عبدالحميد', '01098065443', 'مصر الجديدة,100شارع الخليفة المأمون', NULL, NULL, NULL),
(15, 1, 'ابراهيم عبد الرازق', '01212287612', 'النزهة,110شارع النزهة', NULL, NULL, NULL),
(16, 1, 'عبدالرحمن عبدالله', '01230752065', 'مدينة نصر,120شارع مصطفي النحاس', NULL, NULL, NULL),
(17, 1, 'ااحمد محمد', '01232572097', 'حلوان,130شارع15 مايو', NULL, NULL, NULL),
(18, 1, 'مصطفي السيد', '01520754578', 'التبين,140شارع9', NULL, NULL, NULL),
(19, 1, 'محمد رمضان', '01512087678', 'المعادي,150 شارع النصر', NULL, NULL, NULL),
(20, 1, 'ابراهيم مصطفي', '01150306678', 'البساتين,160 شارع26 يوليو', NULL, NULL, NULL),
(21, 1, 'عبدالرحمن محمد', '01280054678', 'السيدة زينب,170شارع السيدة زينب', NULL, NULL, NULL),
(22, 1, 'احمد اسماعيل', '010344320657', 'مصر القديمة,180شارع صلاح سالم', NULL, NULL, NULL),
(23, 1, 'احمد مجدي', '01112149087', 'الشروق,200 شارع التسعين', NULL, NULL, NULL),
(24, 1, 'ابرهيم عبدالرازق', '01211114032', 'التجمع الخامس,210شارع التسعين الشمالي', NULL, NULL, NULL),
(25, 1, 'بسام علي', '01298709231', 'مدينتي,220شارع النصر', NULL, NULL, NULL),
(26, 2, 'محمد ابو العلا', '01234800965', 'الغرفة التجارية المنشية شارع 24', NULL, NULL, NULL),
(27, 2, 'جمعة عبد السلام', '01203481567', 'الغرفة التجارية المنشية شارع35', NULL, NULL, NULL),
(28, 2, 'اسماعيل امين', '01234822879', 'الغرفة التجارية المنشية شارع 56', NULL, NULL, NULL),
(29, 2, 'عبده محمد', '01134833649', 'الغرفة التجارية المنشية شارع77', NULL, NULL, NULL),
(30, 2, 'محمد شعلان', '01233901234', 'خليل الخياط شارع37', NULL, NULL, NULL),
(31, 2, 'امين ابو زيد', '01203545765', 'الفتح شارع64', NULL, NULL, NULL),
(32, 2, 'عبدالناصر محمد', '01130524032', 'عبد المنعم سند شارع59', NULL, NULL, NULL),
(33, 2, 'احمد عبدالله', '01103542089', 'سيف شارع35', NULL, NULL, NULL),
(34, 2, 'محمد عبد العزيز', '01034510094', 'عارف عبد السلام شارع12', NULL, NULL, NULL),
(35, 2, 'محمود محمد', '01235500387', 'التحرير شارع 30', NULL, NULL, NULL),
(36, 2, 'محمد فريد', '01103551245', 'سيدي بشر قبلي,سيف شارع 35', NULL, NULL, NULL),
(37, 2, 'كمال عطية', '01590345768', 'برج العرب,التحرير شارع 23', NULL, NULL, NULL),
(38, 2, 'احمد حسن', '01089009231', 'برج العرب,شارع النصر 45', NULL, NULL, NULL),
(39, 2, 'محمد ابو الفتوح', '01133900356', 'برج العرب, العروبة شارع67', NULL, NULL, NULL),
(40, 2, 'محمد محمد', '011039004327', 'العامرية شارع 56', NULL, NULL, NULL),
(41, 2, 'عبده اسماعيل', '01033906579', 'العامرية بورسعيد,شارع 78', NULL, NULL, NULL),
(42, 2, 'عبده احمد', '01234436790', 'ابو قير,شارع بورسعيد25', NULL, NULL, NULL),
(43, 2, 'ابراهيم حسن', '01265478329', 'ابوقير,شارع الجمهورية69', NULL, NULL, NULL),
(44, 3, 'محمد عوض', '01554798238', 'بورسعيد,مديرية التموين والتجارة الداخلية', NULL, NULL, NULL),
(45, 3, 'احمد ابراهيم', '01133498136', 'بورسعيد,مجمع التنمية الحضارية', NULL, NULL, NULL),
(46, 3, 'عبد المنعم حسن', '01220237696', 'بورسعيد,دلتا ماركت مصطفي كامل', NULL, NULL, NULL),
(47, 3, 'اسماعيل علي', '01033757750', 'بورسعيد,مجمع العبور', NULL, NULL, NULL),
(48, 3, 'محمود مسعد', '01289981067', 'بورسعيد,شارع طلعت حرب', NULL, NULL, NULL),
(49, 3, 'احمد عبد الحميد', '01133407092', 'بورسعيد,شارع23يوليو', NULL, NULL, NULL),
(50, 3, 'عبد المنعم حسين', '01206633421', 'بورسعيد,شارع اسوان', NULL, NULL, NULL),
(51, 4, 'محمد سعد', '01002387645', 'عتاقة,شارع التحرير', NULL, NULL, NULL),
(52, 4, 'احمد عبده', '01117698014', 'الاربعين,شارع الحرية', NULL, NULL, NULL),
(53, 4, 'محمود ياسين', '01227612095', 'الاسماعيلية,شارع العدل', NULL, NULL, NULL),
(54, 4, 'عبد الرحمن  علي', '01553876093', 'جنوب,شارع الجيش', NULL, NULL, NULL),
(55, 4, 'عبد الله شعبان', '01566981209', 'شرق,شارع بورسعيد', NULL, NULL, NULL),
(56, 4, 'محمد السيد ابراهيم', '01223572075', 'الاربعين,ميدان الاربعين', NULL, NULL, NULL),
(57, 4, 'احمد عبد الحليم', '01014087621', 'عتاقة,شارع 306', NULL, NULL, NULL),
(58, 4, 'عبد المنعم سلامة', '01187512398', 'السويس,شارع الجيش', NULL, NULL, NULL),
(59, 4, 'محمد عبد الرحمن', '01559854012', 'الجناين,شارع التحرير', NULL, NULL, NULL),
(60, 4, 'علي السعيد', '01544871298', 'الاسماعيلية,شارع خالد بن الوليد', NULL, NULL, NULL),
(61, 5, 'صالح محمد', '01065498012', 'شارع بورسعيد', NULL, NULL, NULL),
(62, 5, 'ياسر علي', '011453098075', 'شارع الجلاء', NULL, NULL, NULL),
(63, 5, 'كمال حسين', '01075205789', 'شارع رياض', NULL, NULL, NULL),
(64, 5, 'كريم عبد العزيز', '01022857759', 'شارع التحرير', NULL, NULL, NULL),
(65, 5, 'ابو المعاطي', '010906654109', 'ميدان الساعة', NULL, NULL, NULL),
(66, 5, 'محمد محمد', '01022752090', 'شارع الجلاء', NULL, NULL, NULL),
(67, 5, 'كمال عبد اللطيف', '01010023870', 'شارع بورسعيد', NULL, NULL, NULL),
(68, 5, 'محمد عبدالله', '01024980912', 'شارع رياض', NULL, NULL, NULL),
(69, 5, 'محمد حسني', '01043344907', 'شارع بورسعيد', NULL, NULL, NULL),
(70, 5, 'كمال علي', '01209761254', 'شارع الرياض', NULL, NULL, NULL),
(71, 5, 'محمود عبدالمجيد', '01566234587', 'شارع النصر', NULL, NULL, NULL),
(72, 5, 'محمد غنيم', '01577906517', 'شارع الجمهورية', NULL, NULL, NULL),
(73, 5, 'احمد سلام', '01588238721', 'شارع خالد بن الوليد', NULL, NULL, NULL),
(74, 5, 'محمود اسماعيل', '01099652145', 'شارع بور سعيد', NULL, NULL, NULL),
(75, 5, 'وليد الغنيم', '01011876419', 'ميدان الساعة', NULL, NULL, NULL),
(76, 5, 'محمد عبد الحميد', '01110943216', 'شارع طلعت حرب', NULL, NULL, NULL),
(77, 5, 'احمد عبدالسلام', '01223752043', 'السوق العمومي', NULL, NULL, NULL),
(78, 5, 'صلاح عبدالله', '01233879054', 'شارع التحرير', NULL, NULL, NULL),
(79, 6, 'احمد عماد', '01011578905', 'المنصورة,شارع الجيش', NULL, NULL, NULL),
(80, 6, 'اكرم عبدالمجيد', '010115780976', 'المنصورة, شارع عبد السلام', NULL, NULL, NULL),
(81, 6, 'احمد عبدالله', '01265798061', 'السنبلاوين,منطقة المنشية الجديدة', NULL, NULL, NULL),
(82, 6, 'السعيد عبد العزيز', '01165780921', 'دكرنس,شارع الجمهورية', NULL, NULL, NULL),
(83, 6, 'مصطفي عبد الرحمن', '01534434967', 'بلقاس,شارع بورسعيد', NULL, NULL, NULL),
(84, 6, 'هشام محمد', '01190207634', 'اجا,شارع احمد عرابي', NULL, NULL, NULL),
(85, 6, 'علي المتولي', '01265367866', 'ميت سلسيل,شارع23 يوليو', NULL, NULL, NULL),
(86, 6, 'احمد بسام', '01157205734', 'شريين,شارع جمال عبد الناصر', NULL, NULL, NULL),
(87, 6, 'عبد الخالق محمد', '01023409813', 'طلخا,شارع 6 اكتوبر', NULL, NULL, NULL),
(88, 6, 'رزق شعبان', '01265786531', 'المطربة,شارع صلاح الدين', NULL, NULL, NULL),
(89, 6, 'احمد رزق', '01190334789', 'المنزلة,شارع الجمهورية', NULL, NULL, NULL),
(90, 6, 'علاء الغريب', '01187609125', 'الجمالية,شارع 23 يوليو', NULL, NULL, NULL),
(91, 6, 'امجد السيد', '01276890431', 'منية النصر,شارع بور سعيد', NULL, NULL, NULL),
(92, 6, 'سيف محمد', '01034432087', 'ميت غمر,سنفا', NULL, NULL, NULL),
(93, 6, 'اسامة وائل', '01220757589', 'ميت غمر ,اوليلة', NULL, NULL, NULL),
(94, 6, 'علي ياسر', '01257232076', 'ميت غمر,بشالوش', NULL, NULL, NULL),
(95, 6, 'محمد ايمن', '01014075438', 'ميت غمر,سنتماي', NULL, NULL, NULL),
(96, 6, 'حاتم ايهاب', '01157012048', 'ميت غمر,دماص', NULL, NULL, NULL),
(97, 7, 'محمد السيد عبده', '01523784502', 'الزقازيق,حي القومية,شارع سعد زغلول', NULL, NULL, NULL),
(98, 7, 'عبدالمنعم محمد عبد المنعم', '01525876902', 'حي اول الزقازيق,شارع طلبة عويضة', NULL, NULL, NULL),
(99, 7, 'طارق لطفي', '01055279807', 'حي تاني الزقازيق,شارع بورسعيد', NULL, NULL, NULL),
(100, 7, 'اسماعيل محمد اسماعيل', '01055289012', 'حي السلام,شارع عرابي', NULL, NULL, NULL),
(101, 7, 'محي عبد السلام', '01255290112', 'حي النصر,شارع طه حسين', NULL, NULL, NULL),
(102, 7, 'احمد محمد احمد', '01152208972', 'حي الصباح,شارع سعد زغلول', NULL, NULL, NULL),
(103, 7, 'اسلام رجب', '01021325649', 'حي الزهور,شارع بورسعيد', NULL, NULL, NULL),
(104, 7, 'احمد عبدالله احمد', '01287126578', 'حي التحرير,شارع طه حسين', NULL, NULL, NULL),
(105, 7, 'ابو زيد', '0', 'نادي الأمل,شارع طلبة عويضة', NULL, NULL, NULL),
(106, 7, 'ابو السعيد', '0', 'البنك الاهلي,شارع بورسعيد', NULL, NULL, NULL),
(107, 7, 'ابو بكر', '0', 'مسجد الرحمن الرحيم,شارع الثورة', NULL, NULL, NULL),
(108, 8, 'محمد ابراهيم', '01012057209', 'مجمع استلاكي بنها,شارع فريد ندا', NULL, NULL, NULL),
(109, 8, 'احمد خالد', '01215020576', 'مجمع استلاكي بنها,شارع 15 مايو', NULL, NULL, NULL),
(110, 8, 'احمد حسن', '01101899801', 'مجمع استهلاكي بنها,شارع العبور', NULL, NULL, NULL),
(111, 8, 'عبدالمنعم محمد ', '0', 'مجمع استهلاكي طوخ,شارع احمد زكي', NULL, NULL, NULL),
(112, 8, 'محمد ممدوح', '01057207501', 'مجمع استهلاكي طوخ,شارع عبد المنعم رياض', NULL, NULL, NULL),
(113, 8, 'ممدوح حمدي', '0', 'مجمع استهلاكي شبرا الخيمة,شارع بورسعيد', NULL, NULL, NULL),
(114, 8, 'عبدالله ايهاب', '01120494367', 'مجمع استهلاكي شبرا الخيمة,شارع الشهيد احمد حمدي', NULL, NULL, NULL),
(115, 8, 'حسام مصطفي', '0', 'مجمع خدمات,شارع العروبة', NULL, NULL, NULL),
(116, 8, 'شهاب محمد', '01248018989', 'مجمع خدمات,شارع عبدالسلام عارف', NULL, NULL, NULL),
(117, 8, 'علي رجب', '0', 'مجمع خدمات,شارع عبدالعزيزال سعود', NULL, NULL, NULL),
(118, 8, 'اسماعيل خيري', '34509126784', 'مجمع خدمات,شبرا الخيمة', NULL, NULL, NULL),
(119, 8, 'محمود ياسين', '0', 'مجمع خدمات,شارع 25 يناير', NULL, NULL, NULL),
(120, 9, 'احمد الشيخ', '01167549092', 'برج السلام شارع الجيش', NULL, NULL, NULL),
(121, 9, 'رياض يوسف', '01211140768', ' شارع سعد زغلول3 ', NULL, NULL, NULL),
(122, 9, 'عاطف بسام', '01101120973', '12 شارع عبد السلام عارف بيلا', NULL, NULL, NULL),
(123, 9, 'اسلام صلاح', '01218760912', '30 شارع عبد السلام عارف', NULL, NULL, NULL),
(124, 9, 'احمد احمد', '01010298120', 'شارع 23 يوليو', NULL, NULL, NULL),
(125, 9, 'عاطف السيد', '01201944876', '19 شارع النصر,خلف مديرية التموين', NULL, NULL, NULL),
(126, 9, 'السعيد محمد', '0', 'الحامول الجديدة ,شارع الجيش', NULL, NULL, NULL),
(127, 9, 'السيد عبد العال', '01012075209', '15 شارع سعد زغلول', NULL, NULL, NULL),
(128, 9, 'عبد الله سلام', '01114020578', 'شارع جمال عبد الناصر', NULL, NULL, NULL),
(129, 9, 'هاني رمزي', '01216657209', '140 شارع سعد زغلول', NULL, NULL, NULL),
(130, 10, 'محمد عبد اللطيف', '0', 'طنطا,اول-سيجر امام الشهيد يحيا الوطن بحب', NULL, NULL, NULL),
(131, 10, 'احمد اسماعيل', '0', 'طنطا,تان-كورنيش', NULL, NULL, NULL),
(132, 10, 'عبد الله محمود', '0', 'طنطا,سبرباي امام مجمع المواقف', NULL, NULL, NULL),
(133, 10, 'محمد مصطفي', '0', 'المحلة الكبري,اول-مجلس المدينة', NULL, NULL, NULL),
(134, 10, 'مصطفي عبد الرازق', '0', 'المحلة الكبري,تان-ميدان الشون', NULL, NULL, NULL),
(135, 10, 'السيد عبدالعزيز', '0', 'المحلة الكبري,محلة ابو علي', NULL, NULL, NULL),
(136, 10, 'محمد علي', '0', 'زفتي,شارع الجيش امام الادارة الصحية', NULL, NULL, NULL),
(137, 10, 'محمود عبد الحليم', '0', 'قطور,شارع الجيش بجوار الحديقة العامة', NULL, NULL, NULL),
(138, 10, 'السيد عبد الحميد', '0', 'سمنود,امام البنك الزراعي', NULL, NULL, NULL),
(139, 10, 'عبد اللطيف السيد', '0', 'السنطة,بجوار السكة الجديد', NULL, NULL, NULL),
(140, 10, 'احمد عبدالعزيز', '0', 'بسيون,شارع 23يوليو', NULL, NULL, NULL),
(141, 10, 'مصطفي عبد اللطيف', '0', 'كفر الزيات,ميدان اوسكار', NULL, NULL, NULL),
(142, 11, 'محمد محمود عبدالمنعم', '0', 'شبين الكوم,اول-ميدان الكاتعة', NULL, NULL, NULL),
(143, 11, 'احمد السيدعبدالمقصود', '0', 'شبين الكوم,اول-ميدان جلهوم', NULL, NULL, NULL),
(144, 11, 'ابراهيم احمد', '0', 'شبين الكوم,اول-مزلقان العبور', NULL, NULL, NULL),
(145, 11, 'محمد محمود محمد', '0', 'الباجور,بجوار السكة الحديد', NULL, NULL, NULL),
(146, 11, 'مصطفي احمد', '0', 'فويسنا,شارع 23 يوليو', NULL, NULL, NULL),
(147, 11, 'احمد محمد عبد الغني', '0', 'اشمون,شارع الجيش', NULL, NULL, NULL),
(148, 11, 'حسن عادل', '0', 'تلا, امام مجمع المصالح الحكومية', NULL, NULL, NULL),
(149, 11, 'احمد السيد عبدالمقصود', '0', 'منوف,شارع 25 يناير', NULL, NULL, NULL),
(150, 11, 'مصطفي احمد محمد', '0', 'سرس الليان,شارع الجيش', NULL, NULL, NULL),
(151, 11, 'محمود محمد محمود', '0', 'السادات,اول-شارع الجمهورية بجوار مسجد الفتح', NULL, NULL, NULL),
(152, 11, 'اشرف محمد', '0', 'السادات,ثان-شارع بورسعيد بجوار مديرية التربية', NULL, NULL, NULL),
(153, 11, 'ياسر جلال', '0', 'سرس الليان,اول-شارع الجمهورية بجوار مسجد الفتح', NULL, NULL, NULL),
(154, 11, 'احمد رضوان', '0', 'سرس الليان,ثان-شارع بورسعيد بجوار مديرية التربية والتعليم', NULL, NULL, NULL),
(155, 11, 'محمد عبد الحميد', '0', 'سرس الليان,مركز- شارع البحربجوارمستشفي سرس الليان العام', NULL, NULL, NULL),
(156, 11, 'محمود عبدالله محمد', '0', 'بركة السبع,اول-شارع الجمهورية بجوارالمسجد الكبير', NULL, NULL, NULL),
(157, 11, 'محمد عبدالحميد عبداللطيف', '0', 'بركة السبع,ثان- شارع البحر امام صيدلية اسلام', NULL, NULL, NULL),
(158, 12, 'محمد فوزي حسين', '01012009126', 'دمنهور,اول-شارع الجيش', NULL, NULL, NULL),
(159, 12, 'محمد عبد السلام', '01266013849', 'دمنهور,ثان-شارع اسماعيل سري', NULL, NULL, NULL),
(160, 12, 'عبد الرحمن غيط', '01112970913', 'كفر الدوار,اول-شارع 23 يوليو', NULL, NULL, NULL),
(161, 12, 'سعد سعد', '01216675295', 'كفر الدوار,ثان-شارع بورسعيد', NULL, NULL, NULL),
(162, 12, 'محمد هاني', '01149664884', 'ابو المطامير,مركز-شارع النصر', NULL, NULL, NULL),
(163, 12, 'عادل جمعة', '0', 'ادكو,اول-شارع التحرير', NULL, NULL, NULL),
(164, 12, 'رزق محمد ', '0', 'حوش عيسي,مركز-قرية شبراخيت', NULL, NULL, NULL),
(165, 12, 'حسن حسني', '0', 'رشيد,اول-شارع البطل احمد عبد العزيز', NULL, NULL, NULL),
(166, 12, 'محمد عبده', '01175205701', 'كفرالدوار,مركز-قريةوادي النطرون', NULL, NULL, NULL),
(167, 12, 'احمد عبد الحليم', '0', 'ادكو,مركز-قرية كوم حمادة', NULL, NULL, NULL),
(168, 12, 'احمد بدير', '0', 'ابو حمص,مركز-قرية الرحمانية', NULL, NULL, NULL),
(169, 12, 'طه حسن', '0', 'الدلنجات,مركز-قرية المحمودية', NULL, NULL, NULL),
(170, 12, 'يحيي احمد', '0', 'النوبارية,مركز-قرية كوم الفرج', NULL, NULL, NULL),
(171, 13, 'عادل سالم ابو عزومة', '01214057890', 'الاسماعلية,مركز-شارع عبد السلام عارف', NULL, NULL, NULL),
(172, 13, 'محمود ابوالحسن', '01190012057', 'القنطرة شرق,اول-شارع 30 يونيو', NULL, NULL, NULL),
(173, 13, 'محمد ابوبكر', '01012048018', 'القنطرة غرب,ثان-شارع البحري', NULL, NULL, NULL),
(174, 13, 'محمد عبدالغني', '01101487690', 'التل الكبير,اول-شارع بورسعيد', NULL, NULL, NULL),
(175, 13, 'احمد هلال', '01248419074', 'الاسماعيلية,اول-شارع شبين الكوم', NULL, NULL, NULL),
(176, 13, 'محمد فؤاد غنيم', '01112248236', 'الاسماعيلية,ثان-شارع26يوليو', NULL, NULL, NULL),
(177, 13, 'احمد عبداللطيف', '01006427680', 'الاسماعيلية,مركز-شارع 30 يونيو', NULL, NULL, NULL),
(178, 13, 'عادل عبد الجليل', '01201120954', 'القنطرة شرق,اول-شارع الزراعة', NULL, NULL, NULL),
(179, 13, 'علاء عبدالجليل', '0', 'القنطرة غرب,اول-شارع الجيش', NULL, NULL, NULL),
(180, 13, 'لطفي عبدالغني', '0', 'القنطرةغرب,ثان-شارع 26', NULL, NULL, NULL),
(181, 13, 'طه محمد', '0', 'فايد,اول-شارع بورسعيد', NULL, NULL, NULL),
(182, 13, 'علي حسن', '01112078932', 'التل الكبير,اول- شارع23', NULL, NULL, NULL),
(183, 13, 'رحيم عبدالعال', '0', 'التل الكبير,ثان-شارع30', NULL, NULL, NULL),
(184, 14, 'محمد عبد المقصود', '01112099589', 'الجيزة,شارع الملك فيصل', NULL, NULL, NULL),
(185, 14, 'جلال عبدالله', '01016638950', 'الجيزة,الحوامدية', NULL, NULL, NULL),
(186, 14, 'طاهر عبده', '01257204509', 'العمرانية,شارع الهرم', NULL, NULL, NULL),
(187, 14, 'ابراهيم رزق', '01530557208', 'العجوزة,شارع النيل', NULL, NULL, NULL),
(188, 14, 'سعيد حامد', '01501488998', 'الدقي,شارع الدقي', NULL, NULL, NULL),
(189, 14, 'عبدالخالق علي', '01012275298', 'بولاق الدكرور,شارع العشرين', NULL, NULL, NULL),
(190, 14, 'يوسف فوزي', '01160301674', 'الوراق,شارع البحر', NULL, NULL, NULL),
(191, 14, 'عبدالعظيم رجب', '01010020576', 'ابوالنمرس,شارع الهرم', NULL, NULL, NULL),
(192, 14, 'اشرف عبدالعليم', '01277503097', 'البدرشين,شارع النيل', NULL, NULL, NULL),
(193, 14, 'احمد عبد السلام', '0', 'اوسيم,شارع طلعت حرب', NULL, NULL, NULL),
(194, 14, 'محمد حسين', '01249433406', 'صفط اللبن,شارع24يوليو بجوار مدرسة الشهيد عبدالمنعم رياض', NULL, NULL, NULL),
(195, 14, 'يحيي ماهر', '0', 'امبابة,شارع45 بجوار مدرسة الشهيد محمد كمال', NULL, NULL, NULL),
(196, 14, 'محمد حسين', '01530575201', 'كرداسة,شارع 24 يوليو بجوار مسجد عمر بن عبد العزيز', NULL, NULL, NULL),
(197, 14, 'محمد ثروت', '0', 'الهرم,شارع 26بجوارمستشفي الهرم', NULL, NULL, NULL),
(198, 14, 'سلطان ابراهيم', '0', 'الطالبية,شارع الاهرام بجوارمسجد الفتح', NULL, NULL, NULL),
(199, 14, 'مجدي عنيم', '0', 'العياط,شارع الهرم بجوارمحطة متروالعياط', NULL, NULL, NULL),
(200, 15, 'محمد ابراهيم', '01034430159', 'بني سويف,شارع الجلاء', NULL, NULL, NULL),
(201, 15, 'احمد محمد', '01560675206', 'اهناسيا,شارع النصر', NULL, NULL, NULL),
(202, 15, 'عبدالله علي', '01024489054', 'بني سويف,ببا', NULL, NULL, NULL),
(203, 15, 'خالد سعيد', '01089020579', 'سمسطا الجديدة,شارع الثورة', NULL, NULL, NULL),
(204, 15, 'شريف خالد', '01522675209', 'بني سويف,الواسطي', NULL, NULL, NULL),
(205, 15, 'عمر حسين', '0', 'بني سويف,شارع الفلاحين', NULL, NULL, NULL),
(206, 15, 'احلام عبد السميع', '01150357753', 'ببا,شارع الجمهورية', NULL, NULL, NULL),
(207, 15, 'الاء اشرف', '01244572015', 'ببا,شارع عمر بن الخطاب', NULL, NULL, NULL),
(208, 15, 'شروق فوزي', '01012201480', 'ببا ,شارع المحطة', NULL, NULL, NULL),
(209, 15, 'ميرفت امين', '01570148789', 'ناصرالجديدة,شارع النيل', NULL, NULL, NULL),
(210, 15, 'ايناس صالح', '0', 'الفش,شارع التحرير', NULL, NULL, NULL),
(211, 16, 'شهد شهاب', '01157220980', 'سنورس,شارع الوحدة العربية', NULL, NULL, NULL),
(212, 16, 'شمس الدين', '01012048189', 'بني سليمان,شارع 25 يناير', NULL, NULL, NULL),
(213, 16, 'ريهام حجاج', '0', 'جبل النور,شارع الجمهورية', NULL, NULL, NULL),
(214, 16, 'اسراء مصطفي', '01275207501', '', NULL, NULL, NULL),
(215, 16, 'امنية جمال', '01092057209', 'بني مزار,شارع الجمهورية', NULL, NULL, NULL),
(216, 16, 'امال فرج', '0', 'الفيوم,شارع بورسعيد', NULL, NULL, NULL),
(217, 16, 'خديجة محمود', '01157208091', 'بني سويف الجديدة,شارع الجمهورية', NULL, NULL, NULL),
(218, 16, 'مريم وليد', '01210057209', 'بني سليمان,شارع التحرير', NULL, NULL, NULL),
(219, 16, 'ايمان السيد', '0', 'سنورس,شارع بورسعيد', NULL, NULL, NULL),
(220, 16, 'هناء شريف', '015014857208', 'طامية,شارع بورسعيد', NULL, NULL, NULL),
(221, 16, 'يمني اشرف', '0', 'بني سويف,شارع الجلاء', NULL, NULL, NULL),
(222, 17, 'رحمة حسن', '0', 'المنيا,شارع25يناير', NULL, NULL, NULL),
(223, 17, 'اسماء جلال', '0', 'جبل النور,شارع الجمهورية', NULL, NULL, NULL),
(224, 17, 'مني محمد', '0', 'ابو قرقاص,شارع بورسعيد', NULL, NULL, NULL),
(225, 17, 'اسراء صفوت', '0', 'بني سليمان,شارع الجلاء', NULL, NULL, NULL),
(226, 17, 'هند حسن', '0', 'مغاغة,شارع بورسعيد', NULL, NULL, NULL),
(227, 17, 'دينا احمد', '0', 'العدوة,شارع بورسعيد', NULL, NULL, NULL),
(228, 18, 'امل سمير', '01169057970', 'اسيوط,شارع رقم25', NULL, NULL, NULL),
(229, 18, 'امنية خليل', '01050572075', 'ابوتيج,شارع بورسعيد', NULL, NULL, NULL),
(230, 18, 'عايدة احمد', '01549011209', 'الفتح,شارع بورسعيد', NULL, NULL, NULL),
(231, 18, 'عائشة احمد', '01211254980', 'منفلوط,شارع بورسعيد', NULL, NULL, NULL),
(232, 18, 'سارة محمد', '0', 'ديروط,شارع التحرير', NULL, NULL, NULL),
(233, 18, 'هاجر احمد', '0', 'القوصية,شارع الجمهورية', NULL, NULL, NULL),
(234, 19, 'مي عبدالرحمن', '01163290485', 'اخميم,شارع بورسعيد', NULL, NULL, NULL),
(235, 19, 'سماح صبري', '01240949568', 'جبل النور,شارع الجمهورية', NULL, NULL, NULL),
(236, 19, 'ياسمين عبده', '0', 'بني سليمان,شارع الجلاء', NULL, NULL, NULL),
(237, 19, 'نهي سالم', '01034951290', 'المنشاة,شارع بورسعيد', NULL, NULL, NULL),
(238, 19, 'اميرة فاروق', '0', 'جرجا,شارع بورسعيد', NULL, NULL, NULL),
(239, 20, 'رغدة ابراهيم', '01553112696', 'قنا,شارع جمال عبدالناصر', NULL, NULL, NULL),
(240, 20, 'رضوة محمد', '01152178539', 'بجوار بنك القاهرة,شارع الجهورية', NULL, NULL, NULL),
(241, 20, 'هدية احمد', '01253651126', 'قنا,شارع 23يوليو', NULL, NULL, NULL),
(242, 20, 'علا علي', '0', 'ابو تشت,شارع23 يوليو', NULL, NULL, NULL),
(243, 20, 'كريمة السيد', '0', 'نجع حمادي,شارع 23يوليو', NULL, NULL, NULL),
(244, 20, 'سارة السيد', '0', 'الوقف,شارع 23يوليو', NULL, NULL, NULL),
(245, 18, 'رباب حسين', '01218340978', ' شارع الشهيد عبدالمنعم', NULL, NULL, NULL),
(246, 21, 'عماد الدين', '01022033409', 'شارع التحرير', NULL, NULL, NULL),
(247, 21, 'مراد مكرم', '01197220630', 'شارع التحرير,امام دار المحافظة', NULL, NULL, NULL),
(248, 21, 'احمد جلال', '01097220270', 'ابوسمبل,امام ديوان عام المحافظة', NULL, NULL, NULL),
(249, 21, 'محمد ابوالعلا', '01197227749', 'ادفو,شارع الجمهورية', NULL, NULL, NULL),
(250, 21, 'المتولي السعيد', '01177597222', 'كوم امبو,شارع الجمهورية', NULL, NULL, NULL),
(251, 22, 'علي رشدي', '01126095113', 'امام محطة سكة حديد,شارع يوسف حسن', NULL, NULL, NULL),
(252, 22, 'حسام حسن', '01122178589', 'شارع التحرير', NULL, NULL, NULL),
(253, 22, 'محمد جهاد', '0', 'الزينية,شارع 23يوليو', NULL, NULL, NULL),
(254, 22, 'نور شريف', '0', 'شارع الجمهورية', NULL, NULL, NULL),
(255, 22, 'شريف منصور', '0', 'شارع الجهورية', NULL, NULL, NULL),
(256, 23, 'عثمان علي', '01238443865', 'الغردقة,شارع رقم 30', NULL, NULL, NULL),
(257, 23, 'رؤؤف جلال', '01233465261', 'الغردقة,شارع جمال عبدالناصر', NULL, NULL, NULL),
(258, 23, 'يحيي علاء', '01132172859', 'الغردقة,شارع الجمهورية', NULL, NULL, NULL),
(259, 12, 'سامح البلاط', '012334126653', 'الغردقة ,شارع 23يوليو', NULL, NULL, NULL),
(260, 24, 'محمد عبداللطيف', '01075205779', 'حي السلام', NULL, NULL, NULL),
(261, 24, 'حازم امام', '01060649015', 'قرية القصر', NULL, NULL, NULL),
(262, 24, 'محمد الشافعي', '01142679073', 'ملينة البلاط', NULL, NULL, NULL),
(263, 24, 'محمود سعيد', '01519553076', 'قربة درب الاربعين', NULL, NULL, NULL),
(264, 24, 'محمد مصطفي', '01120485490', 'مدينة حلايب', NULL, NULL, NULL),
(265, 24, 'احمد حسين', '01520156756', 'مدينة شلاتين', NULL, NULL, NULL),
(266, 24, 'محمود ابراهيم', '0', 'قرية ابو رماد', NULL, NULL, NULL),
(267, 25, 'محمد منصور', '01501344367', 'شارع علم الروم', NULL, NULL, NULL),
(268, 25, 'محمد سيد', '01148019889', 'شارع الكورنيش', NULL, NULL, NULL),
(269, 25, 'رضوان محمد', '0', 'شارع خليج السويس', NULL, NULL, NULL),
(270, 25, 'هثيم وائل', '010493443', 'شارع عرابي', NULL, NULL, NULL),
(271, 25, 'حمزة ابراهيم', '0', 'شارع العروبة', NULL, NULL, NULL),
(272, 25, 'عمار بدير', '0', 'شارع عمرالمختار', NULL, NULL, NULL),
(273, 26, 'هاني رامز', '01249018989', 'العريش,شارع 23يوليو', NULL, NULL, NULL),
(274, 26, 'ايناس شريف', '01156750120', 'رفح,شارع النصر', NULL, NULL, NULL),
(275, 26, 'ليلي اشرف', '01075015720', 'الحسنة,شارع التحرير', NULL, NULL, NULL),
(276, 27, 'غادة عادل', '0', 'مجمع العبور,طريق السلام', NULL, NULL, NULL),
(277, 27, 'ندا احمد', '0', 'حي النور,شارع306', NULL, NULL, NULL),
(278, 27, 'احمد امين', '0', 'حي الزهراء,شارع9', NULL, NULL, NULL),
(279, 27, 'سامي عبدالعزيز', '0', 'حي المطار,طريق السلام', NULL, NULL, NULL);

-- --------------------------------------------------------

--
-- Table structure for table `supply_office`
--

CREATE TABLE `supply_office` (
  `S_ID` int(11) NOT NULL,
  `gov` int(11) NOT NULL,
  `S_office_name` varchar(50) DEFAULT NULL,
  `S_office_address` varchar(100) DEFAULT NULL,
  `S_phone` char(15) DEFAULT NULL
) ENGINE=InnoDB DEFAULT CHARSET=utf8mb4 COLLATE=utf8mb4_general_ci;

--
-- Dumping data for table `supply_office`
--

INSERT INTO `supply_office` (`S_ID`, `gov`, `S_office_name`, `S_office_address`, `S_phone`) VALUES
(1, 1, 'مكتب تموين - الازبكية', 'القاهرة, الظاهر , 2ش حمدى', '01005280248'),
(2, 1, 'مكتب تموين - الاميرية', 'القاهرة, الزيتون , دور 1 ', NULL),
(3, 1, 'مكتب تموين - الايواء', 'القاهرة , عين شمس , 57 ش ', NULL),
(4, 1, 'مكتب تموين - البركة', 'القاهرة , المرج , ش الحمي', '01004252103'),
(8, 1, 'مكتب تموين- -الجمالية', 'القاهرة,الجمالية,المنصوري', '01223018719'),
(9, 1, 'مكتب تموين - الخليفة1', 'القاهرة,السيدة زينب,المبت', '0227944294'),
(10, 1, 'مكتب تموين - الخليفة2', 'القاهرة,لاظوغلي, 21ش اسما', '0227946825'),
(11, 1, 'مكتب تموين -الدرب الاحمر', 'القاهرة, الدرب الاحمر 22ش', '0225149881'),
(12, 1, 'مكتب تموين -الزاوية1', 'القاهرة, الزاوية الحمراء,', '01111288484'),
(13, 1, 'مكتب تموين -الزاوية2', 'القاهرة, الزاوية الحمراء,', '01145420776'),
(14, 1, 'مكتب تموين-الزمالك', 'القاهرة,وسط البلد20 ش شام', '01282507318'),
(15, 1, 'مكتب تموين- الزهراء', 'القاهرة,عين شمس,2 مساكن عين شمس-بلوك12-ش26اكتوبر', '0229872491'),
(16, 1, 'مكتب تموين-الزيتون', 'القاهرة,الزيتون,ش90 طومانباي', '0'),
(17, 1, 'مكتب تموين-الساحل1', 'القاهرة,الساحل,متفرع من ش الخماروية,2حارة مصطفي درويش', '0222024576'),
(18, 1, 'مكتب تموين-الساحل2', 'القاهرة,شبرا,ش القاضي متفرع من ش الزهراء', '01227267472'),
(19, 1, 'مكتب تموين-الساحل3', 'القاهرة,الساحل,متفرع من ش الخماروية,2 حارة مصطفي درويش', '0224306518'),
(20, 1, 'مكتب تموين-الساحل4', 'القاهرة,الساحل,متفرع من ش د.ابراهيم ناجي,ش احمدصالح', '01004067021'),
(21, 1, 'مكتب تموين-السلام', 'القاهرة,مدينة السلام,1مساكن اطلس-بلوك26-شقة1', '0226269950'),
(22, 1, 'مكتب تموين-السيدة1', 'القاهرة,لاظوغلي,ميدان لاظوغلي,8ش جامع الاسماعيلي ', '0227944294'),
(23, 1, 'مكتب تموين-السيدة2', 'القاهرة,لاظوغلي,21ش اسماعيل اباظة-الدور1', '0227943417'),
(24, 1, 'مكتب تموين-الشرابية1', 'القاهرة,الشرابية,مساكن الزاوية-بلوك151-شقة5', '0224282839'),
(25, 1, 'مكتب تموين-الشرابية2', 'القاهرة,الشرابية,مساكن الزاوية-بلوك151-ش ترعة الذكر-الدور2-شقة4', '0224282841'),
(26, 1, 'مكتب تموين-الشرابية3', 'القاهرة,الشرابية,مساكن الزاوية-بلوك151-ش ترعةالدكر-الدور3شقة6', '0224068515'),
(27, 1, 'مكتب تموين-الشرابية4', 'القاهرة,الشرابية,مساكن الزاوية, بلوك151-الدو2-شقة4', '0224282840'),
(28, 1, 'مكتب تموين-الشروق', 'القاهرة,مدينةالشروق,35مربع4-ش البحرالاحمرالمجاورةالثانية-الحي الثامن شقة2', '0224792975'),
(29, 1, 'مكتب تموين-الظاهر', 'القاهرة,الظاهر,2ش حمدي', '01122147880'),
(30, 1, 'مكتب تموين-المرج2', 'القاهرة,المرج,ش السينما-الدور3', '0224370668'),
(31, 1, 'مكتب تموين-المسلة1 ', 'القاهرة,المطرية,مساكن شركةالقاهرة-ش الاربعين تقسيم الهوارة', '01113109530'),
(32, 1, 'مكتب تموين-المسلة2 ', 'القاهرة,المطربة,مساكن شركةالقاهرة-ش الاربعين الهوارة', '01000207737'),
(33, 1, '1مكتب تموين-المطرية ', 'القاهرة,المطرية,ميدان المطرية-بلوك10', '01227963125'),
(34, 1, '2مكتب تموين-المطرية ', 'القاهرة,المطرية,ميدان المطرية,مساكن الصحة-بلوك10', '01226510011'),
(35, 1, 'مكتب تموين-المعادي', 'القاهرة,المعادي,ش49', '0227472637'),
(36, 1, 'مكتب تموين-المعصرة', 'القاهرة,حلوان,مساكن عين حلوان-بلوك29-الدور2-شقة5 ', '01223350305'),
(37, 1, 'مكتب تموين-الموسكي', 'القاهرة,الموسكي,162ش محمد علي من ش القلعة', '0223963746'),
(38, 1, 'مكتب تموين-النزهة', 'القاهرة,مصرالجديدة,ميدان الحجاز,12ش ابراهيم النجار متفرع من ش عمار بن ياسر', '0222686903'),
(39, 1, 'مكتب تموين-النهضة', 'القاهرة,مدينةالسلام,2222مساكن اطلس-بلوك8', '01220850401'),
(40, 1, 'مكتب تموين-الوايلي', 'القاهرة,الوايلي,72ش العباسيةميدان عبدة باشا-الدور1', '01224828038'),
(41, 1, 'مكتب تموين-باب الشعرية', 'القاهلرة,عابدين,16ش ارض شريف', '0223901858'),
(42, 1, 'مكتب تموين-بولاق1', 'القاهرة,رملة بولاق,مساكن رملة بولاق-بلوك31', '01098524865'),
(43, 1, 'مكتب تموين--حدائق القبة1', 'القاهرة,حدائق القبة,مساكن حدائق القبة-بلوك5', '01000125106'),
(44, 1, 'مكتب تموين -حدائق حلوان', 'القاهرة حلوان, عين حلون ,1الدور,2الشقة,29بلوك-حلوان عين مساكن', '01228170737'),
(45, 1, 'مكتب تموين - حلوان1', 'القاهرة,مايو15مدينة,الامريكي مشروع,الاولي المجاورة,1الشقة,25بلوك', '0127691056'),
(46, 1, 'مكتب تموين - حلوان2', 'القاهرة,مدينة15مايو-المشروع الامريكي-بلوك25-المجاورةالاولي', '01227666796'),
(47, 1, 'مكتب تموين - دار السلام', 'القاهرة,المعادي الجديدة,صقر قريش-28عمارات العريش', '01225176064'),
(48, 1, 'مكتب تموين - رود الفرج', 'القاهرة,رودالفرج,43شارع جزيرة بدران', '01224620625'),
(49, 1, 'مكتب تموين - زهراء عين شمس', 'القاهرة,عين شمس-3شارع الحكيم متفرع منشارع عين شمس', '0'),
(50, 1, 'مكتب تموين - عبدين', 'القاهرة,عبدين,4شارع ارض شريف متفرع من شارع عبد العزيز', '012004347762'),
(51, 1, 'مكتب تموين - قصر النيل', 'القاهرة,وسط البلد 20 شارع شامبليونالدور التاني ,متفرع من شارع قصر النيل', '01225756556'),
(52, 1, 'مكتب تموين - مدينة 15مايوة', 'القاهرة,مدينة15 مايوة,المورة التالت-الدور التالت', '01228311248'),
(53, 1, 'مكتب تموين - مصر الجديدة', 'القاهرة,مصر الجديدة مدين الجامع,2سارع المكس متفرع من شارع المنصورة', '01222416334'),
(54, 1, 'مكتب تموين - مصر القديمة', 'القاهرة,مصرالقديمة 11شاععقبة ابن نافع', '01225317476'),
(55, 2, 'مكتب تموين - ابو قير', 'اسكندرية,ابو قير,شارع بورسعيد', '01235635544'),
(56, 2, 'مكتب تموين - الجمرك', 'الاسكنداية,الجمرك,27 قصر راس التين', '01234867126'),
(57, 2, 'مكتب تموين - الدخيلة', 'الاسكندارية,الدخيلة,طريق اسكندرية مطروح', '01232207115'),
(58, 2, 'مكتب تموين - العامرية', 'الاسكندرية,العامرية,ش مسجد الشرقوي', '01234489741'),
(59, 2, 'مكتب تموين - العطارين', 'الاسكندرية,العطارين,3ش اديب متفرع من ش صلاح سالم', '01275531896'),
(60, 2, 'مكتب تموين - اللبان', 'الاسكندرية,البان,6ش القائد جوهر', '01222459912'),
(61, 2, 'مكتب تموين - المنتزة1', 'الاسكندرية,سيدي بشر يحري,29ش الصاغ محمدعبد السلام', '01285644456'),
(62, 2, 'مكتب تموين - المنتزة2', 'الاسكندارية,سيدي بشر,ش الثلاثني', '01235369323'),
(64, 2, 'مكتب تموين - باب شرق2', 'الاسكندرية,سموحة,ش15مايوة,115ج عمارات تعاونيات سموحة', '01234266138'),
(65, 2, 'مكتب تموين - برج العرب', 'الاسكندرية,برج العرب,ش انورالسادات,مساكن مجلس المدينة', '01234652284'),
(66, 2, 'مكتب تموين - بهيج', 'الاسكندرية,برج العرب,قرية بهيج', '0123460819'),
(67, 2, 'مكتب تموين - رمل1', 'الاسكندرية,صفر,153ش الفتح', '01069454684'),
(68, 2, 'مكتب تموين-طوسون', 'الاسكندرية,ابوقير,طوسون-21مساكن الاسكان الصناعي', '01274188745'),
(69, 2, 'مكتب تموين -غيط العنب', 'الاسكندرية,غيط العنب الدور2-107ش راغب باشا', '01233904175'),
(70, 2, 'مكتب تموين - كرموز', 'الاسكندرية,غيط العنب,الدور2-107شراغب باشا', '01272166624'),
(71, 2, 'مكتب تموين - محرم بيك1', 'الاسكندرية,محرم بك,ش قناة السويس', '01234243362'),
(72, 2, 'مكتب تموين - محرم بيك2', 'الاسكندرية,3ش الامير عمر ,محرم بك', '01234266520'),
(73, 3, 'مكتب تموين - الزهراء', 'بورسعيد,حي المناخ,حي معسر السلام-4ب', '01009101589'),
(74, 3, 'مكتب تموين - الشرق', 'بورسعيد,حي الشرق,شارع احمد ماهر تقاطع شارع المشرق الدور التاني', '01222387190'),
(75, 3, 'مكتب تموين - العرب', 'بورسعيد,العرب,برج اسكندرية-شارع اسكندرية تقاطع شارع عبادي الدور التاني', '01227681149'),
(76, 3, 'مكتب تموين - المناخ 1', 'بورسعيد,حي الكوىت,3امتدادشارع عدلي-الدور الاول', '0126636929'),
(77, 3, 'مكتب تموين - المناخ 2', 'بورسعيد,العرب 50 مساكن الكويت-ش نهضة مصر-الدور الاول شقة 3', '01009574734'),
(78, 3, 'مكتب تموين - بور فؤاد1', 'بورسعيد,بورفؤاد,حي العبور', '010663243216'),
(79, 3, 'مكتب تموين - بور فؤاد2', 'بورسعيد,بورفؤاد-4المساكن الاقتصادية-الدور الاول شقة 3', '01121246460'),
(80, 4, 'مكتب تموين - الاربعين شرق', 'السويس,حي الاربعين,ش المنتزة-مساكن', '01226289801'),
(81, 4, 'مكتب تموين - الاربعين غرب', 'السويس,حي الاربعين,الدور2شقة4-ش الجيش-30مساكن المثلث', '01273533323'),
(92, 4, 'مكتب تموين - الجناين', 'السويس,قريةعامر-المعبر-1المساكن الشعبية', '01225524906'),
(93, 4, 'مكتب تموين - السويس', 'السويس,ش34حي السويس', '010623219453'),
(94, 4, 'مكتب تموين - فيصل', 'السويس,فيصل,حي مكة-26عمارات فيصل', '01281694998'),
(95, 5, 'مكتب تموين - الخياطة', 'دمياط,دمياط-قرية الخياطة', '01220066915'),
(96, 5, 'مكتب تموين - السنانية', 'دمياط,دمياط,1مساكن الاعصر الاولي', '0127560767'),
(97, 5, 'مكتب تموين - الشعراء', 'دمياط,دمياط,قرية الشعراء', '01004854736'),
(98, 5, 'مكتب تموين - الشيخ درغام', 'دمياط,دمياط,قرية الشيخ درغام', '01006738012'),
(99, 5, 'مكتب تموين - دمياط1', 'دمياط,دمياط,ميدان سرور-مساكن', '01224399234'),
(100, 5, 'مكتب تموين - دمياط2', 'دمياط,دمياط,الدور2-الاعصر-ش كورنيش النيل-عمارة الشرق', '01224834036'),
(101, 5, 'مكتب تموين - دمياط3', 'دمياط,دمياط,الحي الثالث', '01005106807'),
(102, 5, 'مكتب تموين - دمياط4', 'دمياط,دمياط,عمارةالشرق-الاعصر-ش كورنيشالنيل', '010562366293'),
(103, 5, 'مكتب تموين - محب والسيالة', 'دمياط,دمياط,قرية محب والسيالة-ش المطحن', '010572225107'),
(104, 6, 'مكتب تموين - ابو داود', 'الدقهلية , طماى الامديد , قرية ابو داود', '01006616063'),
(105, 6, 'مكتب تموين -ابو قراميط', 'الدقهليه ,السنبلاوين ,قريه ابو قراميط', '01000881695'),
(106, 6, 'مكتب تموين -اجا', 'الدقهليه ,اجا ,ش السمري', '01069988079'),
(107, 6, 'مكتب تموين -  اخطاب', 'الدقهليه,اجا,قريه اخطاب-المساكن الشعبيه', '01090116697'),
(108, 6, 'مكتب تموين-اشمون الرمان', 'الدقهليه,دكرنس قريه اشمون الرمان-الدور3-شارع المحطه', '0503460505'),
(109, 6, 'مكتب تموين-الاتحاد', 'الدقهلية,المنزله,قريه الاتحاد', '01062787211'),
(110, 6, 'مكتب تموين -البجلات', 'الدقهليه,منيه النصر,قريه البجلات-طريقالبجلات منيه النصر الزراعى', '01069788696'),
(111, 6, 'مكتب تموين -البصراط', 'الدقهليه, المنزله,قريه البصراط', '01206703590'),
(112, 6, 'مكتب تموين-البلامون', 'الدقهليه ,السنبلاوين ,قريه البلامون', '01118031556'),
(113, 6, 'مكتب تموين-البيضاء', 'الدقهليه,طماي الامديد,قريه البيضاء', '0504653881'),
(114, 6, 'مكتب تموين-الجزاير', 'الدقهليه,بلقاس,منشيه عبدالقادر,قريه الجزاير', '01006606295'),
(115, 6, 'مكتب تموين-الجماليه', 'الدقهليه,الجماليه, ش الجيش ميدان الكوبري', '01222870303'),
(116, 6, 'مكتب تموين-الحجايزه', 'الدقهليه,السنبلاوين, قريه الحجايزه', '01115629876'),
(117, 6, 'مكتب تموين-الحصص', 'الدقهليه,شربين, قريه الحصص', '01068867469'),
(118, 6, 'مكتب تموين-الحوته', 'الدقهليه,المنزله,قريه الحوته', '0503301701'),
(119, 6, 'مكتب تموين-الربع', 'الدقهليه, طماى الامديد,قريه الربع', '0504743247'),
(120, 6, 'مكتب تموين-الربيعه', 'الدقهليه,دكرنس,قريه الربيعه', '01026870479'),
(121, 6, 'مكتب تموين-الستامونى', 'الدقهليه,بلقاس,قريه الستامونى', '01094766514'),
(122, 6, 'مكتب تموين-السماره', 'الدقهليه,طماي الامديد,الدور3-قريه السماره', '0504641957'),
(123, 6, 'مكتب تموين-السنبلاوين 1', 'الدقهليه,السنبلاوين,حى البرجاس', '0504687757'),
(124, 6, 'مكتب تموين-السنبلاوين 2', 'الدقهليه,السنبلاوين,مساكن الجبانه', '01063842007'),
(125, 6, 'مكتب تموين-الشوامى', 'الدقهليه,بلقاس,قريه الشوامي', '01002403484'),
(126, 6, 'مكتب تموين-الصلاحات', 'الدقهليه,دكرنس, قريه الصلاحات', '01004601915'),
(127, 6, 'مكتب تموين-العزيزه', 'الدقهليه ,المنزله,قريه العزيزه', '01228259343'),
(128, 6, 'مكتب تموين-العصافره', 'الدقهليه,المطريه, قريه العصافره', '01142898474'),
(129, 6, 'مكتب تموين-العقبيين', 'الدقهليه, المطريه,الغصنه-ش مسجد عزام', '0503762751'),
(130, 6, 'مكتب تموين-الغراقه', 'الدقهليه, اجا,قريه الغراقه', '01119312097'),
(131, 6, 'مكتب تموين-الفردوس', 'الدقهليه,المنصوره,ش مجمع الفردوس متفرع من ش باتا-5 مساكن المجزر الل لي', '01222916602'),
(132, 6, 'مكتب تموين-الفروسات', 'الدقهليه,المنزته,قريه الفروسات', '01112403936'),
(133, 6, 'مكتب تموين-الكردى', 'الدقهليه,الكردي', '01003102678'),
(134, 6, 'مكتب تموين-الكفر الجديد', 'الدقهلية,المنزلة,قرية الكفر الجديد,متفرع من الطريق العام,ش المجلس الدور3', '01009098192'),
(135, 6, 'مكتب تموين-المحمديه', 'الدقهليه,دكرنس,قريه المحموديه', '0504503860'),
(136, 6, 'مكتب تموين- المركزيه حفير شهاب الدين', 'الدقهليه, بلقاس, قريه المركزيه حفير شهاب الدين', '0509129478'),
(137, 6, 'مكتب تموين- المعصره', 'الدقهليه, بلقاس,قريه المعصره', '01009929592'),
(138, 6, 'مكتب تموين- المقاطعه', 'الدقهليه,السنبلاوين,قريه المقاطعه', '01064700521'),
(139, 6, 'مكتب تموين- المنزله', 'الدقهليه,المنزله, ش وسط البندر', '01204307794'),
(140, 6, 'مكتب تموين- النزل', 'الدقهليه, منيه النصر, قريه النزل', '01147733727'),
(141, 6, 'مكتب تموين- النسايمه', 'الدقهليه,المنزله, قريه النساميه-المساكن الشعبيه', '01287618870'),
(142, 6, 'مكتب تموين- اوليله', 'الدقهليه, ميت غمر, قريه اوليله', '0504075670'),
(143, 6, 'مكتب تموين- اويش الحجر', 'الدقهليه,المنصوره,قريه اويش الحجر', '01094390762'),
(144, 6, 'مكتب تموين - بدواى', 'الدقهليه,المنصوره,قريه بدواي', '01203696598'),
(145, 6, 'مكتب تموين -  برج النور', 'الدقهليه,اجا, قريه برج النور,ش السوق', '01066914238'),
(146, 6, 'مكتب تموين -  برج نور الحمص', 'الدقهليه,اجا, قريه برج نور الحمص', '0'),
(147, 6, 'مكتب تموين -  برمبال الجديده', 'الدقهليه,منيه النصر,قريه برمبال الجديده', '01005583439'),
(148, 6, 'مكتب تموين -  برمبال القديمه', 'الدقهليه, منيه النصر,قريه الرياض', '0503315381'),
(149, 6, 'مكتب تموين -  برهمتوش', 'الدقهليه, السنبلاوين, الصارى, قريه برهمتوش', '0504601838'),
(150, 6, 'مكتب تموين -  بساط كريم الدين', 'الدقهليه, شربين,قريه بساط كريم الدين', '01111098473'),
(151, 6, 'مكتب تموين -  بسسندليه', 'الدقهليه, بلقاس,قريه بسندليه', '01093522982'),
(152, 6, 'مكتب تموين -  بشلا', 'الدقهليه,ميت غمر,قريه بشلا', '01093089048'),
(153, 6, 'مكتب تموين -  بطره', 'الدقهليه, طلخا, قريه بطره', '0502572523'),
(154, 7, 'مكتب تموين -  ابو الشقوق', 'الشرقيه, كفر صقر, قريه ابو الشقوق', '0553180427'),
(155, 7, 'مكتب تموين -  ابو حماده', 'الشرقيه, ابو حماده, المساكن الشعبيه', '0553418338'),
(156, 7, 'مكتب تموين -  ابو كبير', 'الشرقيه,ابو كبير,الدور 5,ش مصطفى كامل', '0553511820'),
(157, 7, 'مكتب تموين -  اكياد', 'الشرقيه, فاقوس, قريه اكياد', '0553924128'),
(158, 7, 'مكتب تموين -  الابراهميه', 'الشرقيه, الابراهميه, ش الحريه', '0552605467'),
(159, 7, 'مكتب تموين -  الاخيوه', 'الشرقيه, الحسينيه', '01066059499'),
(160, 7, 'مكتب تموين -  الاسديه', 'الشرقيه, ابو حماده', '0553494767'),
(161, 7, 'مكتب تموين -  البلاشون', 'الشرقيه,بلبيس,الدور2,قريه البلاشون', '01227736582'),
(162, 7, 'مكتب تموين -  البيروم', 'الشرقيه,فاقوس,,قريه البيروم', '0553942831'),
(163, 7, 'مكتب تموين -  الجديده', 'الشرقيه,منيا القمح,قريه الجديده', '01000493798'),
(164, 7, 'مكتب تموين -  الحسينيه', 'الشرقيه, الحسينيه,الشارع الرئيسي', '0'),
(165, 7, 'مكتب تموين -  الحصوه', 'الشرقيه,ابو كبير, قريه الحصوه', '0553562331'),
(166, 7, 'مكتب تموين -  الحلميه', 'الشرقيه,ابو حماد,قريه الحلميه', '0553418336'),
(167, 7, 'مكتب تموين -  الحلوات', 'الشرقيه,الابراهميه,قريه الحلوات', '01125965007'),
(168, 7, 'مكتب تموين -  الدميين', 'الشرقيه, فاقوس, قريه الدميين', '0553908904'),
(169, 7, 'مكتب تموين -  الديدمون', 'الشرقيه,فاقوس, قريه الديدمون, المساكن الشعبيه', '0553946169'),
(170, 7, 'مكتب تموين -  الرحمانيه', 'الشرقيه,ابو كبير, قريه الرحمانيه', '0553586127'),
(171, 8, 'مكتب تموين -  ابو الغيط', 'القليوبيه,القناطر الخيريه, قريه ابو الغيط', '0'),
(172, 8, 'مكتب تموين -  ابو زعبل', 'القليوبيه, ابو زعبل', '0112689853'),
(173, 6, 'مكتب تموين -  اسنيت', 'القليوبيه, كفر شكر, قريه اسنيت', '0'),
(174, 8, 'مكتب تموين -  اكياد دجوي', 'القليوبيه,طوخ, قريه اكياد دجوي', '0132493366'),
(175, 8, 'مكتب تموين-الاحرار', 'القليوبية,شبين القناطر,قريةالاحرار', '0'),
(176, 8, 'مكتب تموين-البقاشين', 'القليوبية,كفر شكر,قريةالبقاشين', '0'),
(177, 8, 'مكتب تموين-الجبل الاصفر', 'القليوبية,الخانكة,قريةالجبل الاصفر-الدور2', '0244697261'),
(178, 8, 'مكتب تموين-الجعافرة', 'القليوبية,شبين القناطر,قرية الجعافرة', '0'),
(179, 8, 'مكتب تموين-الخانكة', ' 19القليوبية,الخانكة,مبني الادارة التموينية,ارض المحلب-مشروع عمارة', '0244686680'),
(180, 8, 'مكتب تموين-الخصوص', 'القليوبية,الخصوص', '0'),
(181, 8, 'مكتب تموين-الدير', 'القليوبية,طوخ,قريةالدير', '0133483659'),
(182, 8, 'مكتب تموين-الشرقاوية', 'القليوبية,شبرا الخيمة,ارض نوبار', '0'),
(183, 8, 'مكتب تموين-الشقر', 'القليوبية,كفر شكر,قرية الشقر', '0'),
(184, 8, 'مكتب تموين-العبور', 'القليوبية,مدينةالعبور,محلية12-الدور1', '0'),
(185, 8, 'مكتب تموين-العمار', 'القليوبية,طوخ,قريةالعمار', '01288342489'),
(186, 8, 'مكتب تموين-القناطرالخيرية', 'القليوبية,القناطرالخيرية,التقسيم السياحي,المنبي الاداري', '0242188458'),
(187, 8, 'مكتب تموين-المنايل', 'القليوبية,الخانكة,قريةالمنايل', '01008401730'),
(188, 8, 'مكتب تموين-المنيرة', 'القليوبية,القناطرالخيرية,قريةالمنيرة', '0242188471'),
(189, 8, 'مكتب تموين-بتمدة', 'القليوبية,بنها,قريةبتمدة', '0133322081'),
(190, 8, 'مكتب تموين-برشوم', 'القليوبية,طوخ,قريةبرشوم,ش دايرالناحية', '01271499215'),
(191, 8, 'مكتب تموين-بلتان', 'القليوبية,طوخ,قريةبلتان', '01111906385'),
(192, 8, 'مكتب تموين-بلقس', 'القليوبية,قليوب,قريةبلقس-الشارع الرئيسي', '0'),
(193, 8, 'مكتب تموين-بنها', 'القليوبية,بنها,قريةالرملة-مساكن الرملة', '01002559632'),
(194, 8, 'مكتب تموين-بهتيم', 'القليوبية,شبراالخيمة,مساكن بهتيم-بلوك4-الدور1', '01224981499'),
(195, 8, 'مكتب تموين-ترسا', 'القليوبية,قها,قرية ترسا', '0132436153'),
(196, 8, 'مكتب تموين-جمجرة', 'القليوبية,بنها,قريةجمجرةالجديدة-الدور3', '01228513381'),
(197, 8, 'مكتب تموين-سرياقوس', 'القليوبية,الخانكة,قريةسرياقوس-المساكن الشعبية', '01020800261'),
(198, 8, 'مكتب تموين-سندنهور', 'القليوبية,بنها,قريةسندنهور', '0133362566'),
(199, 8, 'مكتب تموين-سنديون', 'القليوبية,قليوب,قريةسنديون-الدور2', '01228584360'),
(200, 8, 'مكتب تموين-شبراالبلد', 'القليوبية,شبراالخيمة,ارض نوبار', '0'),
(201, 8, 'مكتب تموين-شبلنجة', 'القليوبية,بنها,قرية شبلنجة', '0133370415'),
(202, 8, 'مكتب تموين-شبين القناطر', 'القليوبية,شبين القناطر,المساكن الشعبية', '0132720097'),
(203, 8, 'مكتب تموين-طحانوب', 'القليوبية,شبين القناطر,قريةطحانوب', '0132750015'),
(204, 8, 'مكتب تموين-طنان', 'القليوبية,قليوب,قريةطنان-المساكن الشعبية', '01205731006'),
(205, 8, 'مكتب تموين-طوخ', 'القليوبية,طوخ,ش حسين سليمان', '0132460142'),
(206, 8, 'مكتب تموين-قها', 'القليوبية,قها,المساكن الشعبية-بلوك2-ش المدبنةالمنورة', '01284655102'),
(207, 8, 'مكتب تموين-كفر تصفا', 'القليوبية,كفر شكر,قريةكفر تصفا', '0132554373'),
(208, 8, 'مكتب تموين-كفر شبين', 'القليوبية,شبين القناطر,قريةكفر شبين', '01063253575'),
(209, 8, 'مكتب تموين-كفر شكر', 'القليوبية,كفر شكر,الطريق السريع', '0132525640'),
(210, 8, 'مكتب تموين-مرصفا', 'القليوبية,بنها,قريةمرصفا', '0133348825'),
(211, 8, 'مكتب تموين-ميت كنانة', 'القليوبية,طوخ,قريةميت كنانة', '0132404199'),
(212, 8, 'مكتب تموين-نامول', 'القليوبية,طوخ,قريةنامول', '0132442806'),
(213, 9, 'مكتب تموين-ايشان', 'كفر الشيخ,بيلا,قريةايشان', '01098611559'),
(214, 9, 'مكتب تموين-ابوبدوي', 'كفر الشيخ,بيلا,قريةابوبدري', '04736334590'),
(215, 9, 'مكتب تموين-ابودراز', 'كفر الشيخ,فوده,قريةابودراز-الدور3', '01007590426'),
(216, 9, 'مكتب تموين-ابوغنيمة', 'كفر الشيخ,سيدي سالم,قريةابو غنيمة', '01066598679'),
(217, 9, 'مكتب تموين-ابومندور', 'كفر الشيخ,دسوق,قريةابو مندور', '01009647675'),
(218, 9, 'مكتب تموين-اريمون', 'كفر الشيخ,وسط البلد,قريةاريمون', '01007479255'),
(219, 9, 'مكتب تموين-اسحاقة', 'كفرالشيخ,وسط البلد,قريةاسحاقة', '01111984042'),
(220, 9, 'مكتب تموين-الابعادية', 'كفرالشيخ,الحامول,قريةالابعادية', '01012746277'),
(221, 9, 'مكتب تموين-البكاتوش', 'كفرالشيخ,قلين,قريةالبكاتوش', '01011799360'),
(222, 9, 'مكتب تموين-التفتيش', 'كفرالشيخ,الحامول,قريةالتفتيش', '01098485551'),
(223, 9, 'مكتب تموين-الجزيرةالخضراء', 'كفرالشيخ,مطوبس,قريةمعديةرشيد', '01065714240'),
(224, 9, 'مكتب تموين-الحامول', 'كفرالشيخ,الحامول,المساكن الشعبية-ش المرور القديم', '01064670581'),
(225, 9, 'مكتب تموين-الحدادي', 'كفرالشيخ,سيدي سالم,قرية الحدادي', '0472754524'),
(226, 9, 'مكتب تموين-الحصفة', 'كفر الشيخ,الرياض,قريةالحصفة', '01063116006'),
(227, 9, 'مكتب تموين-الحمراء', 'كفرالشيخ,وسطالبلد,قريةالحمراوي', '01009950648'),
(228, 9, 'مكتب تموين-الخادمية', 'كفرالشيخ,وسطالبلد,قريةالخادمية', '01015189272'),
(229, 9, 'مكتب تموين-الحوة', 'كفرالشيخ,بيلا,قريةالحوة', '0473623647'),
(230, 9, 'مكتب تموين-الرصيف', 'كفرالشيخ,الرياض,قرية الرصيف', '01061085743'),
(231, 9, 'مكتب تموين-الزعفران', 'كفر الشيخ,الحامول,قريةالزعفران', '01098589955'),
(232, 9, 'مكتب تموين-السحايت', 'كفرالشيخ,الحامول,قريةالسحايت', '01066411892'),
(233, 9, 'مكتب تموين-الشطوط', 'كفرالشيح,بيلا,قريةالشطوط', '01061978610'),
(234, 9, 'مكتب تموين-الشهابية', 'كفرالشيخ,بلطيم,قريةالشهابية', '01069967378'),
(235, 9, 'مكتب تموين-العباسية', 'كفرالشيخ,الرياض,قريةالعباسية', '01124592523'),
(236, 9, 'مكتب تموين-القضابي', 'كفرالشيخ,سيدي سالم,قريةالقضابي', '0472796511'),
(237, 9, 'مكتب تموين-الكوم الطويل', 'كفرالشيخ,بيلا,قريةالكوم الطويل', '01066286474'),
(238, 9, 'مكتب تموين-المرابعين', 'كفرالشيخ,وسط البلد,قرية المرابعين', '01149655912'),
(239, 9, 'مكتب تموين-الورق', 'كفرالشيخ,سيدي سالم,قريةالورق', '01275483329'),
(240, 9, 'مكتب تموين-برج برلس', 'كفرالشيخ,بلطيم,المساكن الشعبية,قرية برج برلس', '0472496710'),
(241, 9, 'مكتب تموين-برمبال', 'كفرالشيخ,مطوس,قرية برمبال', '01062538282'),
(242, 9, 'مكتب تموين-بقلولة', 'كفرالشيخ,الرياض,قرية بقلولة', '01001014213'),
(243, 9, 'مكتب تموين-بلطيم', 'كفرالشيخ,بلطيم,المساكن الشعبية-حي المحكمة', '0472513727'),
(244, 9, 'مكتب تموين-بندر دشوق', 'كفرالشيخ,دسوق,المساكن الشعبية-ش الجيش', '0472563402'),
(245, 9, 'مكتب تموين-بيلا', 'كفرالشيخ,بيلا,حي الرخا', '0473605737'),
(246, 9, 'مكتب تموين-حاذق', 'كفرالشيخ,بيلا,قرية حاذق', '0473634591'),
(247, 10, 'مكتب تموين-ابوالغر', 'الغربية,كفرالزيات,قرية ابوالغر', '0402574540'),
(248, 10, 'مكتب تموين-ابيار', 'الغربية,كفرالزيات,قرية ابيار', '0402585185'),
(249, 10, 'مكتب تموين-اشناواي', 'الغربية,السنطة,قرية اشناواي', '0404410346'),
(250, 10, 'مكتب تموين-الجعغرية', 'الغربية,السنطة,قريةالجعغرية', '0404380907'),
(251, 10, 'مكتب تموين-الدلجمون', 'الغربية,كفرالزيات,قرية الدلجمون', '0402522559'),
(252, 10, 'مكتب تموين-الرجدية', 'الغربية,طنطا,قرية الرجدية', '0403068819'),
(253, 10, 'مكتب تموين-السنطة', 'الغربية,السنطة,ش الجمهورية', '0404479686'),
(254, 10, 'مكتب تموين-الشهيدي', 'الغربية,المحلة الكبري,قرية الشهيدي', '0402180260'),
(255, 10, 'مكتب تموين-الشين', 'الغربية,قطور,قرية الشين', '0402788671'),
(256, 10, 'مكتب تموين-العامرية', 'الغربية,المحلة الكبري,قرية العامرية', '0402063048'),
(257, 10, 'مكتب تموين-الغريب', 'الغربية,زفتي,قرية الغريب,ش داير الناحية', '0405634414'),
(258, 10, 'مكتب تموين-المعتمدية', 'الغربية,المحلةالكبري,قرية المعتمدية', '0402143856'),
(259, 10, 'مكتب تموين-الهياتم', 'الغربية,المحلةالكبري,قرية الهياتم', '0402453239'),
(260, 10, 'مكتب تموين-برما', 'الغربية,طنطا,مجمع الشروق,قرية برما', '0403081103'),
(261, 10, 'مكتب تموين-بشبيش', 'الغربية,المحلةالكبري,قرية بشبيش', '0402025528'),
(262, 10, 'مكتب تموين-بلتاج', 'الغربية,قطور,قرية بلتاج', '0409122487'),
(263, 10, 'مكتب تموين-تفهنا العزب', 'الغربية,زفتي,قرية تفهنا العزب', '0405613805'),
(264, 10, 'مكتب تموين-دلبشان', 'الغربية,كفر الزيات,قرية دلبشان', '0402493856'),
(265, 10, 'مكتب تموين-دماط', 'الغربية,قطور,قريةدماط', '0402753907'),
(266, 10, 'مكتب تموين-دمرو السادات', 'الغربية,المحلةالكبري,قرية دمرو السادات', '0402046136'),
(267, 10, 'مكتب تموين-نهطاي', 'الغربية,زفتي,قرية نهطاي', '0405834951'),
(268, 10, 'مكتب تموين-زفتي', 'الغربية,زفتي,ش البحر', '0405702618'),
(269, 10, 'مكتب تموين-سنباط', 'الغربية,زفتي,قرية سنباط', '0405805209'),
(270, 10, 'مكتب تموين-سنبو الكبري', 'الغربية,زفتي,قرية سنبو الكبري', '0405693315'),
(271, 11, 'مكتب تموين- ابنهس', 'المنوفيه ,قويسنا,قريه ابنهس', '04082516396'),
(272, 11, 'مكتب تموين- اسطنها', 'المنوفيه, الباجور,قريه اسطنها', '0483869'),
(273, 11, 'مكتب تموين- اشمون', 'المنوفيه,اشمون,ش السيده خديجه', '01225151769'),
(274, 11, 'مكتب تموين- البتانون', 'المنوفيه,شبين الكوم,قريه البتانون', '0482372954'),
(275, 11, 'مكتب تموين- البرانيه', 'المنوفيه, اشمون,قريه البرانيه,الدور 2', '01223872406'),
(276, 11, 'مكتب تموين- الحامول', 'المنوفيه,منوف,قريه الحامول', '01281151501'),
(277, 11, 'مكتب تموين-  الخطاطبه', 'المنوفيه,منوف,قريه الخطاطبه,الدور 4', '0482683882'),
(278, 11, 'مكتب تموين-  السادات', 'المنوفيه,مدينه السادات,المنطقه الاولي,السوق التجاري', '0482683882'),
(279, 11, 'مكتب تموين-  الشهداء', 'المنوفيه, الشهداء, ش بور سعيد', '0482757284'),
(280, 11, 'مكتب تموين-  الماي', 'المنوفيه,شبين الكوم,قريه الماي', '042044135'),
(281, 11, 'مكتب تموين-  المصيلحه', 'المنوفيه,شبين الكوم,قريه الميلحه', '01009651961'),
(282, 11, 'مكتب تموين-  ام خنان', 'المنوفيه,قويسنا, قريه ام خنان', '01284624474'),
(283, 11, 'مكتب تموين-  بابل', 'المنوفيه,تلا,قريه بابل', '0483727986'),
(284, 11, 'مكتب تموين-  بحيرم', 'المنوفيه,قويسنا,قريه بحيرم', '0482423705'),
(285, 11, 'مكتب تموين-  بخاتى', 'المنوفيه,شبين الكوم,قريه بخاتي', '0482295789'),
(286, 11, 'مكتب تموين-  برهيم', 'المنوفيه,منوف,قريه برهيم', '048367011'),
(287, 11, 'مكتب تموين-  تلا', 'المنوفيه, تلا,', '0483789638'),
(288, 11, 'مكتب تموين-   دوره', 'المنوفيه, اشمون, قريه دوره', '01065440924'),
(289, 11, 'مكتب تموين-   شبرا باص', 'المنوفيه,شبين الكوم,قريه شبرا باص', '01098124068'),
(290, 11, 'مكتب تموين-   شبرا  بخوم', 'المنوفيه,قويسنا,قريه شبرا بخوم', '01000201345'),
(291, 12, 'مكتب تموين-    ابو الريش', 'البحيره,دمنهور,حاره الخوالقه', '01140616898'),
(292, 12, 'مكتب تموين-    ابو الشقاف', 'البحريه,حوش عيس,,قريه ابو الشقاق', '01062281926'),
(293, 12, 'مكتب تموين-الضهرية', 'ايتاي البارود,قرية الضهرية', '01225746242'),
(294, 12, 'مكتب تموين-الطود', 'كوم حمادة,قرية الطود', '01096524212'),
(295, 12, 'مكتب تموين-الكوم الاخضر', 'حوش عيسي,قرية الكوم الاخضر', '01220549070'),
(296, 12, 'مكتب تموين-المجد', 'قرية المجد,الرحمانية,الدور3', '01289989464'),
(297, 12, 'مكتب تموين-المحمودية', 'المحمودية,طريق دمنههور المحمودية', '01004545663'),
(298, 12, 'مكتب تموين-النجاح', 'مدينة بدر,قرية النجاح', '01229362724'),
(299, 13, 'مكتب تموين-ابو خليفة', 'مركز القنطرة غرب,ابو خليفة', '01164357458'),
(300, 13, 'مكتب تموين-ابوعاشور', 'التل الكبير,قرية ابو عاشور', '01164396226'),
(301, 13, 'مكتب تموين-الرياح', 'قرية الرياح,منطقة البلاح', '01064376586'),
(302, 13, 'مكتب تموين-حي ثالث', 'حي ثالث', '01264310775'),
(303, 14, 'مكتب تموين-ذات الكوم', 'منشية القناطر,ش داير الناحية', '01238791835'),
(304, 14, 'مكتب تموين-كفرحكيم', 'قرية كفر حكيم,ابو رواش', '01238903748'),
(305, 14, 'مكتب تموين-البليدة', 'قرية البليدة,العياط', '01138061112'),
(306, 14, 'مكتب تموين- الجيزة', 'ميدان الجيزة,ش الاهرام', '01035728094'),
(307, 14, 'مكتب تموين-الحوامدية', 'الحوامدية,طريق مصر اسيوط الزراعي', '01238132593'),
(308, 14, 'مكتب تموين-العمرانية', 'الطالبية,ش عثمان محرم', '01135820866'),
(309, 14, 'مكتب تموين-القبابات', 'قرية القبابات,اطفيح', '01038663805'),
(310, 15, 'مكتب تموين- ابسوج', 'قرية ابسوج,الفشن', '01220198707'),
(311, 15, 'مكتب تموين-ابوصير الملق', 'قرية ابو صير الملق,الوسطي', '01182254081'),
(312, 15, 'مكتب تموين-اشمنت', 'قرية اشمنت,ناصر', '01082587582'),
(313, 15, 'مكتب تموين-اطواب', 'قرية اطواب,الوسطي', '01282386284'),
(314, 15, 'مكتب تموين-اقفهص', 'قرية اقفهص,الفشن', '01222913897'),
(315, 15, 'مكتب تموين-الشنطور', 'قرية الشنطور,سمسطا', '01289231751'),
(316, 15, 'مكتب تموين-الفنت', 'قرية الفنت,الفشن', '01082459218'),
(317, 14, 'مكتب تموين-ابشواي', 'ابشواي,ش الجمهورية', '01113616510'),
(318, 16, 'مكتب تموين-ابوجندير', 'قرية ابو جندير,اطسا', '01067253274'),
(319, 16, 'مكتب تموين-ابو صير دفنو', 'قرية ابو صير دفنو,اطسا', '01284241684'),
(320, 16, 'مكتب تموين-ابو كساة', 'قرية ابو كساة,ابشواي', '01184272312'),
(321, 16, 'مكتب تموين-اطسا', 'مساكن ابو حامد,اطسا', '01063743458'),
(322, 16, 'مكتب تموين-التفتيش', 'وسط البلد,ش مستشفي الرمد', '01002885459'),
(323, 17, 'مكتب تموين-ابا الوقف', 'قرية ابا الوقف,مغاغة', '01586358349'),
(324, 17, 'مكتب تموين-ابشادات', 'قرية ايشادات,ملوي', '01186276201'),
(325, 17, 'مكتب تموين-ابو جرج', 'قرية ابوجرج,بني مزار', '01186388314'),
(326, 17, 'مكتب تموين-ابو عزيز', 'قرية ابو عزيز,مطاي', '01086399521'),
(327, 17, 'مكتب تموين-ابو قرقاص البلد', 'قرية ابو قرقاص البلد,ابو قرقاص', '01186216820'),
(328, 17, 'مكتب تموين-ابوان', 'قرية ابوان,مطاي', '01286398117'),
(329, 17, 'مكتب تموين-اتليدم', 'قرية اتليدم,ابوقرقاص', '01186241812'),
(330, 17, 'مكتب تموين-اسطال', 'قرية اسطال,سمالوط', '0'),
(331, 18, 'مكتب تموين-البيسري', 'قرية البيسري,مساكن الشادر', '01006549686'),
(332, 18, 'مكتب تموين-المطيعة', 'اسيوط,مسااكن نزلة عبداللاه', '01188231149'),
(333, 18, 'مكتب تموين-بني حسين', 'قرية بني حسين', '01288239982'),
(334, 18, 'مكتب تموين-درنكة', 'قرية درنكة', '01188226328'),
(335, 18, 'مكتب تموين-ريفا', 'قرية ريفا', '01288243643'),
(336, 18, 'مكتب تموين-موشا', 'قرية موشا', '01088697231'),
(337, 19, 'مكتب تموين- اخميم', 'اخميم,ش الشيخ طه', '01193259276'),
(338, 19, 'مكتب تموين-البلينا', 'قرية البلينا,ش محمد الامير', '01229292366'),
(339, 19, 'مكتب تموين-الجلاوية', 'قرية الجلاوية,ساقلتة', '01284845880'),
(340, 19, 'مكتب تموين-الدويرات', 'قرية الدويرات,المنشاة', '01065190969'),
(341, 19, 'مكتب تموين-الرياينة', 'قرية الريانة,طما', '01147346404'),
(342, 19, 'مكتب تموين-الصفيحة', 'قرية الصفيحة,طهطا', '01093499516'),
(343, 19, 'مكتب تموين-الغريزات', 'قرية الغريزات,المراغة', '01146386174'),
(344, 19, 'مكتب تموين-المجابرة', 'قرية المجابرة,جرجا', '01223137881'),
(345, 19, 'مكتب تموين-المدمر', 'قرية المدمر,طما', '01067571899'),
(346, 20, 'مكتب تموين-ابو تشت', 'ابو طشت', '01196272557'),
(347, 20, 'مكتب تموين-ابو دياب غرب', 'قرية ابو دياب غرب ,دشنا', '01004629713'),
(348, 20, 'مكتب تموين-ابو شوشة', 'قرية ابو شوشة,ابو طشت', '01221808083'),
(349, 20, 'مكتب تموين-الجبلاو', 'قرية الجبلاو,وسط البلد', '01064488436'),
(350, 20, 'مكتب تموين-الحلفاية بحري', 'قرية الحلفاية بحري,نجع حمادي', '01002210360'),
(351, 20, 'مكتب تموين-السمطا', 'قرية السمطا,دسنا', '01005764283'),
(352, 20, 'مكتب تموين-العركي', 'قرية العركي,فرشوط', '01010121665'),
(353, 20, 'مكتب تموين-العسيرات', 'قرية العسيرات,فرشوط', '01143917506'),
(354, 20, 'مكتب تموين-القصير', 'قرية قصير بخانس,ابوطشت', '01065043143'),
(355, 21, 'مكتب تموين-ابو سمبل', 'ابوسمبل,ش السوق السياحي', '01097340026'),
(356, 21, 'مكتب تموين-ادفو', 'ادفو,ش التحرير', '01297471670'),
(357, 21, 'مكتب تموين-اقليت', 'قرية اقليت,كوم امبو', '01143262897'),
(358, 21, 'مكتب تموين-البصيلية', 'الصيلية,الطريق العام', '01297342276'),
(359, 21, 'مكتب تموين-الشطب', 'قرية الشطب,دروه', '01286702748'),
(360, 21, 'مكتب تموين-بلانة', 'قرية بلانة,نصر النوبة', '01113086335'),
(361, 21, 'مكتب تموين-نصر النوبة', 'نصر النوبة,ش 6اكتوبر', '01272509811'),
(362, 22, 'مكتب تموين-الدير', 'قرية الدير,اسنا', '01195246186'),
(363, 22, 'مكتب تموين-الطود', 'قرية الطود,عزبة الجرادات', '01124351969'),
(364, 22, 'مكتب تموين=القبلي قمولا', 'قرية القبلي قمولا,نجع الزمامي', '01222461499'),
(365, 22, 'مكتب تموين-الرنة', 'قرية القرنة,الرواجح الجديدة', '01195231493'),
(366, 22, 'مكتب تموين- الكرنك', 'ش مصطفي كامل', '01095238236'),
(367, 23, 'مكتب تموين- ابورماد', 'قرية ابو رماد,بيرشالاتن', '0'),
(368, 23, 'مكتب تموين-الزعفرانة', 'قرية الزعفرانة,راس غارب', '0'),
(369, 23, 'مكتب تموين-الشلاتين', 'حجر الاساس,بير شالاتن', '01065330521'),
(370, 24, 'مكتب نموين-الخارجة', 'الخارجة,امتداد ش العدل', '0'),
(371, 24, 'مكتب تموين-الفرافرة', 'الفرافرة,الطريق الرئيسي', '01092251062'),
(372, 24, 'مكتب تموين-المنيرة', 'قرية المنيرة,الخارجة', '0'),
(373, 24, 'مكتب تموين-بولاق', 'قرية بولاق,الخارجة', '01192296608'),
(374, 24, 'مكتب تموين-موط', 'قرية موط,الداخلة', '01092282132'),
(375, 25, 'مكتب تموين-الجلالة', 'قرية الجلالة,منطقة المطار', '01273234670'),
(376, 25, 'مكتب تموين-الضبعة', 'قرية الضبعة,وسط البلد', '01097088607'),
(377, 25, 'مكتب تموين-جلال', 'قرية جلال ,وسط البلد', '0'),
(378, 25, 'مكتب تموين-سيدي عبدالرحمن', 'قرية سيدي عبدالرحمن,وسط البلد', '01224446319'),
(379, 25, 'مكتب تموين-مرسي مطروح', 'علم الروم,ش علم الروم', '01006432918'),
(380, 26, 'مكتب تموين-2لااكتوبر', 'قرية 6 اكتوبر,بئر العبد', '01268382143'),
(381, 26, 'مكتب تموين-الجفافة', 'قرية الجفجافة,الحسنة', '0'),
(382, 26, 'مكتب تموين-الجورة', 'قرية الجورة,الشيخ زويد', '01168367022'),
(383, 26, 'مكتب تموين-الخربة', 'قرية الخربة,بئر العبد', '01268377033'),
(384, 26, 'مكتب تموين-المطلة', 'قرية المطلة,رفح', '01068350427'),
(385, 26, 'مكتب تموين-الوفاق', 'قرية الوفاق,رفح', '01168350422'),
(386, 27, 'مكتب تموين-ابو زنيما', 'ابو زنيما', '01269342009'),
(387, 27, 'مكتب تموين-الطور', 'الطور,حي البنوك-الدور3', '01169377687'),
(388, 27, 'مكتب تموين-راس سدر', 'راس سدر,مساكن الشركة العامة للبترول', '01269340241');

-- --------------------------------------------------------

--
-- Table structure for table `users`
--

CREATE TABLE `users` (
  `id` bigint(20) UNSIGNED NOT NULL,
  `name` varchar(255) NOT NULL,
  `email` varchar(255) NOT NULL,
  `email_verified_at` timestamp NULL DEFAULT NULL,
  `password` varchar(255) NOT NULL,
  `code` varchar(255) NOT NULL,
  `affiliated_id` int(11) NOT NULL COMMENT 'الجهة التابعة',
  `govern_id` int(11) NOT NULL COMMENT 'المحافظة',
  `remember_token` varchar(100) DEFAULT NULL,
  `created_at` timestamp NULL DEFAULT NULL,
  `updated_at` timestamp NULL DEFAULT NULL
) ENGINE=InnoDB DEFAULT CHARSET=utf8mb4 COLLATE=utf8mb4_unicode_ci;

--
-- Dumping data for table `users`
--

INSERT INTO `users` (`id`, `name`, `email`, `email_verified_at`, `password`, `code`, `affiliated_id`, `govern_id`, `remember_token`, `created_at`, `updated_at`) VALUES
(1, 'Main Admin', 'admin@admin.com', NULL, '$2y$12$hihTm/.uDPjidVonzZY9Z.Of77aK//MJtv1.PI.eQoW6qzahIsgtq', 'Ab ab aut est recusa', 1, 1, NULL, '2024-04-12 13:04:43', '2024-04-26 16:41:12'),
(9, 'DR/ Nihal Nabil', 'Nihal@admin.com', NULL, '$2y$12$rA1Ib/x58TDNniC67JXmf.FxU0XYCrLz.RWX/c50Dl/tRJGTzYlMG', '456798', 1, 6, NULL, '2024-04-26 17:11:39', '2024-04-26 17:11:39'),
(10, 'Nada Khaled Said', 'NadaKhaled@admin.com', NULL, '$2y$12$Y9Oua/Sqoy1uamvJj3Cv1OtUXOSyiB9Gq2bDRSF4GZUKJ4LnmzxkW', '43253', 2, 1, NULL, '2024-04-26 17:14:29', '2024-04-26 17:15:32');

--
-- Indexes for dumped tables
--

--
-- Indexes for table `affiliated_entities`
--
ALTER TABLE `affiliated_entities`
  ADD PRIMARY KEY (`id`);

--
-- Indexes for table `complaints`
--
ALTER TABLE `complaints`
  ADD PRIMARY KEY (`C_ID`);

--
-- Indexes for table `employee`
--
ALTER TABLE `employee`
  ADD PRIMARY KEY (`E_id`);

--
-- Indexes for table `failed_jobs`
--
ALTER TABLE `failed_jobs`
  ADD PRIMARY KEY (`id`),
  ADD UNIQUE KEY `failed_jobs_uuid_unique` (`uuid`);

--
-- Indexes for table `goods_commdities`
--
ALTER TABLE `goods_commdities`
  ADD PRIMARY KEY (`Go_ID`);

--
-- Indexes for table `governorates`
--
ALTER TABLE `governorates`
  ADD PRIMARY KEY (`G_ID`);

--
-- Indexes for table `migrations`
--
ALTER TABLE `migrations`
  ADD PRIMARY KEY (`id`);

--
-- Indexes for table `password_resets`
--
ALTER TABLE `password_resets`
  ADD KEY `password_resets_email_index` (`email`);

--
-- Indexes for table `password_reset_tokens`
--
ALTER TABLE `password_reset_tokens`
  ADD PRIMARY KEY (`email`);

--
-- Indexes for table `personal_access_tokens`
--
ALTER TABLE `personal_access_tokens`
  ADD PRIMARY KEY (`id`),
  ADD UNIQUE KEY `personal_access_tokens_token_unique` (`token`),
  ADD KEY `personal_access_tokens_tokenable_type_tokenable_id_index` (`tokenable_type`,`tokenable_id`);

--
-- Indexes for table `responding_to_complaints`
--
ALTER TABLE `responding_to_complaints`
  ADD PRIMARY KEY (`R_id`);

--
-- Indexes for table `salepoints`
--
ALTER TABLE `salepoints`
  ADD PRIMARY KEY (`SA_ID`),
  ADD KEY `gov` (`gov`);

--
-- Indexes for table `supply_office`
--
ALTER TABLE `supply_office`
  ADD PRIMARY KEY (`S_ID`),
  ADD KEY `S_office_name` (`S_office_name`),
  ADD KEY `gov` (`gov`);

--
-- Indexes for table `users`
--
ALTER TABLE `users`
  ADD PRIMARY KEY (`id`),
  ADD UNIQUE KEY `users_email_unique` (`email`),
  ADD KEY `affiliated_id` (`affiliated_id`),
  ADD KEY `govern_id` (`govern_id`);

--
-- AUTO_INCREMENT for dumped tables
--

--
-- AUTO_INCREMENT for table `affiliated_entities`
--
ALTER TABLE `affiliated_entities`
  MODIFY `id` int(11) NOT NULL AUTO_INCREMENT, AUTO_INCREMENT=5;

--
-- AUTO_INCREMENT for table `failed_jobs`
--
ALTER TABLE `failed_jobs`
  MODIFY `id` bigint(20) UNSIGNED NOT NULL AUTO_INCREMENT;

--
-- AUTO_INCREMENT for table `migrations`
--
ALTER TABLE `migrations`
  MODIFY `id` int(10) UNSIGNED NOT NULL AUTO_INCREMENT, AUTO_INCREMENT=6;

--
-- AUTO_INCREMENT for table `personal_access_tokens`
--
ALTER TABLE `personal_access_tokens`
  MODIFY `id` bigint(20) UNSIGNED NOT NULL AUTO_INCREMENT;

--
-- AUTO_INCREMENT for table `users`
--
ALTER TABLE `users`
  MODIFY `id` bigint(20) UNSIGNED NOT NULL AUTO_INCREMENT, AUTO_INCREMENT=11;

--
-- Constraints for dumped tables
--

--
-- Constraints for table `responding_to_complaints`
--
ALTER TABLE `responding_to_complaints`
  ADD CONSTRAINT `responding_to_complaints_ibfk_1` FOREIGN KEY (`R_id`) REFERENCES `complaints` (`C_ID`) ON DELETE CASCADE ON UPDATE CASCADE,
  ADD CONSTRAINT `responding_to_complaints_ibfk_2` FOREIGN KEY (`R_id`) REFERENCES `employee` (`E_id`) ON DELETE CASCADE ON UPDATE CASCADE;

--
-- Constraints for table `salepoints`
--
ALTER TABLE `salepoints`
  ADD CONSTRAINT `salepoints_ibfk_1` FOREIGN KEY (`gov`) REFERENCES `governorates` (`G_ID`);

--
-- Constraints for table `supply_office`
--
ALTER TABLE `supply_office`
  ADD CONSTRAINT `supply_office_ibfk_1` FOREIGN KEY (`gov`) REFERENCES `governorates` (`G_ID`);
COMMIT;

/*!40101 SET CHARACTER_SET_CLIENT=@OLD_CHARACTER_SET_CLIENT */;
/*!40101 SET CHARACTER_SET_RESULTS=@OLD_CHARACTER_SET_RESULTS */;
/*!40101 SET COLLATION_CONNECTION=@OLD_COLLATION_CONNECTION */;
